"Id";"Name";"CategoryName";"Value";"CreatedDate"
4201;"10 éves szülinapi lufi csomag, 8 darabos";"Party kellék";299;2016-08-01 08:00:00
4301;"10 részes edénykészlet, Beige Saphire Line";"Edények,Evõeszközök, Poharak";34690;2016-08-01 10:00:00
4501;"2 az 1-ben szeletelõ";"Konyhai eszközök";890;2016-08-01 12:00:00
4601;"25th EDITION PARFUM FOR WOMEN";"FLP Kozmetikai termékek";15759;2016-08-01 14:00:00
4701;"25thEDITION PARFUM FOR MEN";"FLP Kozmetikai termékek";15759;2016-08-01 16:00:00
4801;"2d-s szivacs képösszerakó 278";"Kreatív játékok";2790;2016-08-01 18:00:00
4901;"2d-s szivacs képösszerakó 908";"Kreatív játékok";2790;2016-08-01 20:00:00
5001;"5 állású racsnis csavarhúzó cserélhetõ fejjel. 15in1";"Barkács";3861;2016-08-01 22:00:00
5101;"8 éves szülinapi lufi csomag, 8 darabos";"Party kellék";299;2016-08-02 00:00:00
5201;"9 éves szülinapi lufi csomag, 8 darabos";"Party kellék";299;2016-08-02 02:00:00
5301;"A BETA CARE   Beta-karotin és E-vitamin- tartalmú étrend-kiegészítõ";"FLP Étrend kiegészítõk";10701;2016-08-02 04:00:00
10201;"A.I Copter";"Játék fiúknak";14490;2016-08-02 06:00:00
10301;"Aalto kicsi szervírozó tál 210X257mm tölgy";"Edények,Evõeszközök, Poharak";14990;2016-08-02 08:00:00
10401;"AB Grate Britain Cheddar biscuits 100g";"Sós kekszek";999;2016-08-02 10:00:00
11901;"Abrick építõkocka készlet, 50 darabos";"Fejlesztõ játékok";1790;2016-08-02 12:00:00
12001;"ABSORBENT C  Étrend-kiegészítõ rágótabletta édesítõszerrel és mézzel";"FLP Étrend kiegészítõk";6332;2016-08-02 14:00:00
12101;"ACTIVE HA  Hyaluronsav, kurkuma és gyömbér tartalmú étrend-kiegészítõ";"FLP Étrend kiegészítõk";10876;2016-08-02 16:00:00
12201;"ACTIVE PROBIOTIC   Lactobacillus és bifido baktériumokat (élõflórát) tartal";"FLP Étrend kiegészítõk";7699;2016-08-02 18:00:00
12301;"Adidas Brazuca Top Replica díszdobozos";"Torol";8388;2016-08-02 20:00:00
12401;"Adidas Brazuca Top Replica futball labda";"Torol";5490;2016-08-02 22:00:00
12501;"AERO FORCE GLIDER";"Kreatív játékok";2590;2016-08-03 00:00:00
12601;"AiLaike citrom-menta iced tea 330ml";"Jegestea";590;2016-08-03 02:00:00
13301;"Akutyafáját 2010";"St. Andrea / Lõrincz György";1930;2016-08-03 04:00:00
13401;"Alco Együléses kerti gyerekhinta, 6103";"Szabadtéri játékok";15990;2016-08-03 06:00:00
13501;"Alco Fém mérleghinta, 6800";"Szabadtéri játékok";16990;2016-08-03 08:00:00
13601;"Alco Háromüléses kerti gyerekhinta, 6400";"Szabadtéri játékok";41990;2016-08-03 10:00:00
13701;"Alco Kerti fém csúszda, 6020";"Szabadtéri játékok";39990;2016-08-03 12:00:00
13801;"ALEX, CSILLOGÓ KÉPKÉSZÍTÕ - BAGOLY";"Kreatív játékok";1190;2016-08-03 14:00:00
13901;"ALEX, KISZINEZHETÕ - KIMOSHATÓ NYUSZI";"Játék lányoknak";3690;2016-08-03 16:00:00
14001;"ALEX, SPRICCELÕS JÁTÉK - ÓCEÁN";"Bébijátékok";2490;2016-08-03 18:00:00
14101;"ALEX, SZAPPANKRÉTA (6 SZÍN)";"Bébijátékok";1350;2016-08-03 20:00:00
14201;"ALEX, TAPASSZ A CSEMPÉRE! - ABC";"Bébijátékok";2190;2016-08-03 22:00:00
14301;"ALEX, TAPASSZ A CSEMPÉRE! - PAJTÁSOK";"Bébijátékok";2290;2016-08-04 00:00:00
14401;"Állatos fürdõjáték készlet";"Fejlesztõ játékok";2190;2016-08-04 02:00:00
14501;"ALLEGRO BALCONY rattan balkon szett";"Kerti bútorok";56874;2016-08-04 04:00:00
14601;"Álmodj a csillagok alatt gyermek felfújható vendégágy";"Otthon, egyéb";5990;2016-08-04 06:00:00
14701;"Álmodj a csillagok alatt gyermek felfújható vendégágy";"Otthon, egyéb";5990;2016-08-04 08:00:00
14801;"ALOE JOJOBA CONDITIONING RINSE";"FLP Kozmetikai termékek";6292;2016-08-04 10:00:00
14901;"ALOE JOJOBA SHAMPOO";"FLP Kozmetikai termékek";6292;2016-08-04 12:00:00
15001;"ALOE MPD 2X";"FLP Háztartási vegyiárú";8658;2016-08-04 14:00:00
15101;"ALOE STYLING GEL";"FLP Kozmetikai termékek";5328;2016-08-04 16:00:00
15901;"ALOE SUN LIPS";"FLP Kozmetikai termékek";1406;2016-08-04 18:00:00
16001;"ALOE VERA GEL  96%-os aloe vera tartalommal";"FLP Étrend kiegészítõk";9113;2016-08-04 20:00:00
16101;"általános kerti olló SP28";"Kerti szerszámok";4590;2016-08-04 22:00:00
16201;"Aluminium design kávéfõzõ";"Konyha";4172;2016-08-05 00:00:00
16301;"AM-ESSENCE SERPENYO ZOLD 26CM ILAG IND -";"Edények,Evõeszközök, Poharak";3443;2016-08-05 02:00:00
16401;"AMAV, DIVATTERVEZÕ KÉSZLET, DENIM";"Kreatív játékok";2685;2016-08-05 04:00:00
16501;"AMAV, DIVATTERVEZÕ KÉSZLET, GLAM";"Kreatív játékok";2685;2016-08-05 06:00:00
16601;"AMAV, HOMOKMÛVÉSZET";"Kreatív játékok";1890;2016-08-05 08:00:00
17501;"Andrássy Tokaji Aszú 5 Puttonyos 2006 (0,5 l)";"Fehér borok";6160;2016-08-05 10:00:00
17601;"Andrássy Tokaji Száraz Szamorodni 2008 (0,5 l)";"Fehér borok";2245;2016-08-05 12:00:00
17701;"Angol fa tanuló tábla, idõ";"Bébijátékok";1090;2016-08-05 14:00:00
17801;"Angry Birds bögre 0,4L Stella";"Edények,Evõeszközök, Poharak";5890;2016-08-05 16:00:00
18201;"AOE2GO  Aloe vera ital gyümölcslevekkel, C-vitaminnal dúsított étrend-kieg.";"FLP Étrend kiegészítõk";25355;2016-08-05 18:00:00
18301;"Apollo holdkomp";"Kreatív játékok";2790;2016-08-05 20:00:00
18901;"Aranyos figurás lufi csomag, 100 darabos";"Party kellék";3190;2016-08-05 22:00:00
20601;"ARCTIC SEA   Omega 3 zsírsavakat tartalmazó halolaj étrend- kieg.";"FLP Étrend kiegészítõk";9886;2016-08-06 00:00:00
20701;"ARGI +STICK PACK";"FLP Étrend kiegészítõk";19766;2016-08-06 02:00:00
20801;"ARGI+";"FLP Étrend kiegészítõk";19766;2016-08-06 04:00:00
20901;"AROMA SPA COLLECTION";"FLP Kozmetikai termékek";19666;2016-08-06 06:00:00
21001;"Asztali foci";"Fejlesztõ játékok";10990;2016-08-06 08:00:00
21101;"ATLANTA BALCONY rattan balkon szett";"Kerti bútorok";56874;2016-08-06 10:00:00
21201;"ATLANTA BALCONY rattan balkon szett";"Kerti bútorok";56874;2016-08-06 12:00:00
21301;"Avide LED Spot Plastic 4W GU10 110° WW 3000K (240 lm, 300 total lm)";"LED izzók";1300;2016-08-06 14:00:00
95301;"AVOCADO FACE, BODY SOAP";"FLP Kozmetikai termékek";1750;2016-08-06 16:00:00
95401;"B12 PLUS  Étrend-kiegészítõ vitamin tabletta B12 vitaminnal és folsavval";"FLP Étrend kiegészítõk";5538;2016-08-06 18:00:00
95501;"Babakocsi 3 kerekû rózsaszín pöttyös mintával, 50 cm";"Játék lányoknak";3490;2016-08-06 20:00:00
95601;"Baby 3 párkeresõ szett";"Bébijátékok";1390;2016-08-06 22:00:00
95701;"Baby kitt 3 az 1-ben";"Bébijátékok";2390;2016-08-07 00:00:00
96501;"BAKED EYESHADOW ROSE";"FLP Kozmetikai termékek";9977;2016-08-07 02:00:00
97401;"BAKED EYESHADOW VELVET PLUM";"FLP Kozmetikai termékek";9977;2016-08-07 04:00:00
97501;"Barack rongybaba, 40 cm";"Játék lányoknak";1790;2016-08-07 06:00:00
98201;"Bárdos Mátrai Irsai Olivér 2014 (0,75 l)";"Fehér borok";1400;2016-08-07 08:00:00
98901;"Barna hintaló hanggal, 60 cm";"Bébijátékok";9590;2016-08-07 10:00:00
100401;"Baron V. T. Szekszárdi Ch. K. Rosé 2014 (0,75 l)";"Rosé borok";1215;2016-08-07 12:00:00
100901;"Baron V. T. Szekszárdi Ch. K. Sauvignon Blanc 2014 (0,75 l)";"Fehér borok";1215;2016-08-07 14:00:00
102001;"Baru Chocolate chai latte powder 250g";"Forrócsokoládé";159090;2016-08-07 16:00:00
102101;"Baru Chocolate Dark Marshmallow 4db 54g";"Édességek";750;2016-08-07 18:00:00
103301;"BATH GELÉE";"FLP Kozmetikai termékek";6555;2016-08-07 20:00:00
103401;"Batman Dark Night labda, 23 cm";"Labda";519;2016-08-07 22:00:00
103501;"Batman Dark Night szürke labda, 23 cm";"Labda";519;2016-08-08 00:00:00
103601;"Batman labda, 23 cm";"Labda";519;2016-08-08 02:00:00
103701;"BB CREME COCOA";"FLP Kozmetikai termékek";10664;2016-08-08 04:00:00
103801;"BB CREME NUDE";"FLP Kozmetikai termékek";10664;2016-08-08 06:00:00
103901;"BB CREME SANDY";"FLP Kozmetikai termékek";10664;2016-08-08 08:00:00
104001;"Bburago 1:32 Ferrari 458 Italia";"Játék";3125;2016-08-08 10:00:00
104101;"Beach Soccer labda, 23 cm";"Labda";839;2016-08-08 12:00:00
104201;"BEE HONEY  Virágméz";"FLP Étrend kiegészítõk";6055;2016-08-08 14:00:00
104901;"BEE POLLEN  Virágpor tabletta";"FLP Étrend kiegészítõk";5501;2016-08-08 16:00:00
105801;"BEE PROPOLIS  Propolisz tabletta";"FLP Étrend kiegészítõk";11495;2016-08-08 18:00:00
108001;"Békás homokozó, fedéllel";"Szabadtéri játékok";14990;2016-08-08 20:00:00
109701;"Belvoir Cordial Apple-PlumCinnamon 500ml";"Szörpök";1690;2016-08-08 22:00:00
110601;"Bentley GT  lábbal hajtós autó";"Autó,Jármû";12490;2016-08-09 00:00:00
111801;"Bentley GT  lábbal hajtós autó";"Autó,Jármû";12490;2016-08-09 02:00:00
112401;"BERRY NECTAR    Aloe vera lé áfonya és alma sûrítménnye";"FLP Étrend kiegészítõk";9113;2016-08-09 04:00:00
112901;"Bertrams smoothie 10-gyümölcsös 330ml";"Gyümölcslevek";499;2016-08-09 06:00:00
113001;"Birodalmi katona kulcstartó";"Játék fiúknak";3390;2016-08-09 08:00:00
113101;"BITS n PEACHES   Õszibarack ízû aloe vera gél";"FLP Étrend kiegészítõk";9927;2016-08-09 10:00:00
113201;"Black & Decker 14,4 V Kompakt Li-Ion Akkus Ütvefúró/csavarozó 2 mechanikus";"Elektromos barkácsgépek";48990;2016-08-09 12:00:00
113301;"BLOSSOM HERBAL TEA  Fûszer teakeverék";"FLP Étrend kiegészítõk";6332;2016-08-09 14:00:00
113401;"BMW elektromos motor gyerekeknek";"Autó,Jármû";59990;2016-08-09 16:00:00
113501;"BMW elektromos motor gyerekeknek";"Autó,Jármû";59990;2016-08-09 18:00:00
113601;"BMW Z4 elektromos autó gyerekeknek";"Autó,Jármû";79990;2016-08-09 20:00:00
113701;"Bocis hintaló üléssel, hanggal";"Bébijátékok";10990;2016-08-09 22:00:00
113801;"Bock Hárslevelû 2009";"Bock József";2060;2016-08-10 00:00:00
113901;"Bock Olaszrizling";"Fehér borok";1680;2016-08-10 02:00:00
114001;"Bock Villányi Rosé Cuvée 2014 (0,75 l)";"Rosé borok";1900;2016-08-10 04:00:00
115801;"Bodri Szekszárdi Cuvée Bodrikutya III. 2013 (0,75 l)";"Vörösborok";1375;2016-08-10 06:00:00
116501;"Bodri Szekszárdi Faluhely QV 2011 (0,75 l)";"Vörösborok";3290;2016-08-10 08:00:00
116601;"Bogaras játékkészlet";"Játék fiúknak";469;2016-08-10 10:00:00
116701;"Bohóchal plüss állat, 12 cm";"Plüssök";869;2016-08-10 12:00:00
118501;"Bollinger Champagne Special Cuvee Brut (0,75 l)";"Pezsgõk";15085;2016-08-10 14:00:00
120001;"Bolyki Cabernet Franc 2008";"Bolyki János";3400;2016-08-10 16:00:00
121301;"Bolyki Egri Bikavér 2008";"Bolyki János";2590;2016-08-10 18:00:00
121601;"Bolyki Indián Nyár 2010";"Bolyki János";1780;2016-08-10 20:00:00
122501;"Bombardier Villamos";"Játék";2106;2016-08-10 22:00:00
122601;"BONAIRE magastámlás karosszék";"Kerti bútorok";3031;2016-08-11 00:00:00
122701;"Border citromos keksz 175g";"Édes kekszek";890;2016-08-11 02:00:00
122801;"Bordó szív alakú lufi csomag, 10 darabos";"Party kellék";239;2016-08-11 04:00:00
122901;"Bosch  40 cm lánc & láncvezetõ szett ( 1.1mm )";"Kerti szerszámok";15990;2016-08-11 06:00:00
123001;"Bosszuállók labda, 15 cm";"Labda";509;2016-08-11 08:00:00
123101;"Bosszuállók labda, 23 cm";"Labda";629;2016-08-11 10:00:00
123201;"Bottega Fragolino Rosso (0,75 l)";"Pezsgõk";2000;2016-08-11 12:00:00
123301;"Bottega Il Vino Dei Poeti Gold Spumante (0,75 l)";"Pezsgõk";6110;2016-08-11 14:00:00
123401;"Bovetti Blanc Cerise cseresznyés 50g";"Édességek";690;2016-08-11 16:00:00
123801;"BRAINBOX, A VILÁG ORSZÁGAI";"Társasjátékok";3290;2016-08-11 18:00:00
132501;"Brasserie öntöttvas fazék 6,5L/27cm";"Edények,Evõeszközök, Poharak";33990;2016-08-11 20:00:00
132601;"Brasserie öntöttvas grill serpenyõ 27cm";"Edények,Evõeszközök, Poharak";18990;2016-08-11 22:00:00
136001;"Brasserie öntöttvas serpenyõ 24cm";"Edények,Evõeszközök, Poharak";14490;2016-08-12 00:00:00
136201;"Brasserie öntöttvas serpenyõ 27cm";"Edények,Evõeszközök, Poharak";16990;2016-08-12 02:00:00
136401;"BRIGHT TOOTHGEL";"FLP Kozmetikai termékek";2757;2016-08-12 04:00:00
137901;"Buborékfújó 592 ml";"Szabadtéri játékok";1290;2016-08-12 06:00:00
138801;"Buborékfújó 946 ml";"Szabadtéri játékok";949;2016-08-12 08:00:00
139201;"Buborékfújó kamion";"Autó,Jármû";4490;2016-08-12 10:00:00
141501;"Buborész Prof. 55 cm Csoda Buborék Kard + 118 ml Csoda B. Folyadék";"Szabadtéri játékok";2190;2016-08-12 12:00:00
144801;"Buborész Prof. 77 cm Csoda Buborék Kard + 236 Ml. Csoda B. Folyadék";"Szabadtéri játékok";2990;2016-08-12 14:00:00
144901;"Buckingham Palace";"Kreatív játékok";2890;2016-08-12 16:00:00
145001;"Búgócsiga 13 cm, farmos mintával";"Bébijátékok";1390;2016-08-12 18:00:00
145101;"Búgócsiga 13 cm, kacsás mintával";"Bébijátékok";1390;2016-08-12 20:00:00
146001;"Búgócsiga 13 cm, Maja a méhecske mintával";"Bébijátékok";1390;2016-08-12 22:00:00
146201;"Búgócsiga 13 cm, Micimackó mintával";"Bébijátékok";1490;2016-08-13 00:00:00
146801;"Búgócsiga játékos mintával";"Bébijátékok";2490;2016-08-13 02:00:00
147101;"Bujdosó Balatonboglári Kapitány (Irsai Olivér) 2014 (0,75 l)";"Fehér borok";1235;2016-08-13 04:00:00
148201;"Bujdosó Balatonboglári Nemere fehér cuvée 2012 (0,75 l)";"Fehér borok";2620;2016-08-13 06:00:00
148401;"Bujdosó Balatonboglári Sirocco vörös cuvée 2009 (0,75 l)";"Vörösborok";3230;2016-08-13 08:00:00
148701;"Bukósisak Teveclub Gyerek méret S";"Torol";1466;2016-08-13 10:00:00
149301;"Bukósisak Teveclub Junior méret S";"Torol";1466;2016-08-13 12:00:00
149801;"Capitol";"Kreatív játékok";2890;2016-08-13 14:00:00
150401;"CARDIOHEALTH   Vitaminokat , gyógynövényeket és Q10 koenzimet tartalmaz";"FLP Étrend kiegészítõk";8680;2016-08-13 16:00:00
160501;"Carotina kvíz játékok - 3 féle magyar nyelven ALAPISMERETEK, FARM, ABC-JÁTÉ";"Kreatív játékok";2190;2016-08-13 18:00:00
160701;"Cars 2 Junior labirintus";"Játék";3706;2016-08-13 20:00:00
287901;"CATLER BL 4010 Turmixgép";"Konyhai robotgép, turmixgép";54990;2016-08-13 22:00:00
288501;"Catler CG 8030 Automata kávédaráló";"Kávéfõzõ, kávédaráló";89990;2016-08-14 00:00:00
288901;"Célbadobós játszósátor";"Szabadtéri játékok";2590;2016-08-14 02:00:00
289201;"Chapel Hill Chardonnay (0,75 l)";"Pezsgõk";1535;2016-08-14 04:00:00
289301;"Chapel Hill Pinot Grigio (0,75 l)";"Pezsgõk";1535;2016-08-14 06:00:00
289401;"Chapel Hill Pinot Noir Rosé (0,75 l)";"Pezsgõk";1535;2016-08-14 08:00:00
290101;"CHARLOTTE COUNTRY magastámlás karosszék";"Kerti bútorok";14272;2016-08-14 10:00:00
290201;"Chateau Megyer Tokaji 3 putt. Aszú 2010 (0,5 l)";"Fehér borok";3290;2016-08-14 12:00:00
290301;"Chateau Megyer Tokaji Édes Szamorodni 2010 (0,5 l)";"Fehér borok";1940;2016-08-14 14:00:00
290401;"CHCO Chocspoon X-treme dark 50g";"Forrócsokoládé";790;2016-08-14 16:00:00
290501;"ChocoFunDo  Csokifondü készítõ";"Szabadtéri játékok";2590;2016-08-14 18:00:00
290601;"Cirkusz gyermek játszósátor alagúttal";"Szabadtéri játékok";6990;2016-08-14 20:00:00
290701;"CK, BARÁTSÁG KARKÖTÕK";"Kreatív játékok";555;2016-08-14 22:00:00
290801;"CK, TUDOMÁNYOS SZETT 4 AZ 1-BEN";"Játék fiúknak";2690;2016-08-15 00:00:00
290901;"CK, TUDOMÁNYOS SZETT, 3 AZ 1-BEN";"Játék fiúknak";2390;2016-08-15 02:00:00
291001;"Cologne Cathedral (Deutschland)";"Kreatív játékok";2890;2016-08-15 04:00:00
291101;"Colosseum";"Kreatív játékok";2890;2016-08-15 06:00:00
291201;"Compact 22 cm edény behajtható nyéllel, fedõvel";"Konyha";3810;2016-08-15 08:00:00
291301;"CookieMaker sütemény készítõ készlet";"Konyha";3129;2016-08-15 10:00:00
291401;"CORFU LOVE SEAT rattan kétszemélyes kanapé";"Kerti bútorok";42566;2016-08-15 12:00:00
291501;"CORNER TOOL RACK sarokelem munkaeszközök tárolásához";"Kerti bútorok";4997;2016-08-15 14:00:00
291601;"COZIE virágtartó, 2 az 1-ben állva és felakasztva használható, kötött hatás";"Kerti bútorok";4997;2016-08-15 16:00:00
291701;"Crash Booster autó kilövõ pálya";"Autó,Jármû";1290;2016-08-15 18:00:00
291801;"CREAM TO POWDER FOUNDATION PORCELAIN";"FLP Kozmetikai termékek";9219;2016-08-15 20:00:00
291901;"Cruise Ship";"Kreatív játékok";1890;2016-08-15 22:00:00
292001;"CUBA alacsonytámlás karosszék";"Kerti bútorok";2272;2016-08-16 00:00:00
292101;"Curiosity Rover-Mars járó";"Kreatív játékok";2790;2016-08-16 02:00:00
292201;"CYLINDER PLANTER virágtartó, henger, mûrattan (kicsi)";"Kerti bútorok";2997;2016-08-16 04:00:00
292301;"CYLINDER PLANTER virágtartó, henger, mûrattan (nagy)";"Kerti bútorok";6663;2016-08-16 06:00:00
292401;"Csányi Villányi Kõvilla Cabernet Franc 2009 (0,75 l)";"Vörösborok";2975;2016-08-16 08:00:00
292501;"Csányi Villányi Kõvilla Cuvée 2009 (0,75 l)";"Vörösborok";2848;2016-08-16 10:00:00
292601;"Csillag formájú gumikarkötõ készlet";"Fejlesztõ játékok";729;2016-08-16 12:00:00
292701;"Csocsó labda, barna színû";"Labda";1290;2016-08-16 14:00:00
292801;"Csocsó labda, fehér színû";"Labda";999;2016-08-16 16:00:00
292901;"Csocsó labda, focilabda mintás";"Labda";939;2016-08-16 18:00:00
293001;"Csordás-Fodor Somlói Juhfark 2013 (0,75 l)";"Fehér borok";1790;2016-08-16 20:00:00
293101;"Csuklós busz";"Játék";2553;2016-08-16 22:00:00
293201;"Dael O Ring Yellow  sárga";"Szabadtéri játékok";449;2016-08-17 00:00:00
293301;"DAILY   Vitaminokat, ásványianyagokat és biológiailag aktív anyagokat tart.";"FLP Étrend kiegészítõk";6254;2016-08-17 02:00:00
293401;"Daioni Banana Milk BIO banános tej 250ml";"Tejtermékek";399;2016-08-17 04:00:00
293501;"Daioni Choc. Milk BIO csokis tej 250ml";"Tejtermékek";399;2016-08-17 06:00:00
293601;"Daioni Strawb. Milk BIO epres tej 250ml";"Tejtermékek";399;2016-08-17 08:00:00
293701;"DANTE magastámlás karosszék";"Kerti bútorok";3031;2016-08-17 10:00:00
293801;"DANTE szögletes étkezõ asztal";"Kerti bútorok";21104;2016-08-17 12:00:00
293901;"Darda Mission 4 Loops autópálya";"Autó,Jármû";8490;2016-08-17 14:00:00
294001;"Darda Super Loop autópálya";"Autó,Jármû";9790;2016-08-17 16:00:00
294101;"Darts tábla, 36 cm";"Szabadtéri játékok";1790;2016-08-17 18:00:00
294201;"Darts tábla, 42 cm";"Szabadtéri játékok";1990;2016-08-17 20:00:00
294301;"Daymer Bay Apple iced green tea 0,5l";"Jegestea";450;2016-08-17 22:00:00
294401;"Dekor tojás (10 db-os) - Keresztmintával";"Dekor, Ajándék";1716;2016-08-18 00:00:00
294501;"Dekor tojás (10 db-os) - Magyar címerrel";"Dekor, Ajándék";1716;2016-08-18 02:00:00
294601;"Dekor tojás (10 db-os) - Matyó mintával";"Dekor, Ajándék";1716;2016-08-18 04:00:00
294701;"Delfin plüss állat, 20 cm";"Plüssök";959;2016-08-18 06:00:00
294801;"Deseo biscotti dolci cocoa-pist.160g";"Édes kekszek";1990;2016-08-18 08:00:00
294901;"Dime kulcstartóra rögzíthetõ multiszerszám, fekete, bliszterben";"Szabadidõs eszközök";7490;2016-08-18 10:00:00
295001;"Dinofroz 15 cmes figurák  dobozos";"Játék fiúknak";7290;2016-08-18 12:00:00
295101;"Dinók világa játékszett, 3 darabos";"Játék fiúknak";999;2016-08-18 14:00:00
295201;"Dinók világa játékszett, 3 darabos";"Játék fiúknak";999;2016-08-18 16:00:00
295301;"Dinoszaurusz játékkészlet, 10 darabos";"Játék fiúknak";1290;2016-08-18 18:00:00
295401;"Dinoszaurusz játékkészlet, 10 darabos";"Játék fiúknak";1290;2016-08-18 20:00:00
295501;"Dinoszaurusz készítõ gyurmakészlet, 11 darabos";"Fejlesztõ játékok";1990;2016-08-18 22:00:00
295601;"Dinoszaurusz készlet, 15 darabos";"Játék fiúknak";1990;2016-08-19 00:00:00
295701;"Dinoszauruszos játékkészlet";"Játék fiúknak";469;2016-08-19 02:00:00
295801;"Dinoszauruszos játszósátor";"Szabadtéri játékok";3390;2016-08-19 04:00:00
295901;"Dinoszauruszos játszósátor, alagúttal";"Szabadtéri játékok";5490;2016-08-19 06:00:00
296001;"Discovery";"Kreatív játékok";1990;2016-08-19 08:00:00
296101;"Disney Aurora hercegnõ barátság karkötõ készítõ";"Fejlesztõ játékok";2390;2016-08-19 10:00:00
296201;"Disney Csingiling labda, 23 cm";"Labda";629;2016-08-19 12:00:00
296301;"Disney Dóra a felfedezõ labda, 23 cm";"Labda";629;2016-08-19 14:00:00
296401;"Disney Fairies Csingiling rajzsablon";"Fejlesztõ játékok";769;2016-08-19 16:00:00
296501;"Disney Hercegnõk labda, 10 cm";"Labda";469;2016-08-19 18:00:00
296601;"Disney Hercegnõs rajzsablon";"Fejlesztõ játékok";699;2016-08-19 20:00:00
296701;"Disney Jégvarázs konyhai játékszett, 35 kiegészítõvel";"Játék lányoknak";4390;2016-08-19 22:00:00
296801;"Disney Jégvarázs labda, 10 cm";"Labda";469;2016-08-20 00:00:00
296901;"DISNEY LAPOSTÁNYÉR - Micimackó";"Disney termékek";333;2016-08-20 02:00:00
297001;"DISNEY LAPOSTÁNYÉR - Verdák";"Disney termékek";333;2016-08-20 04:00:00
297101;"Disney lapostányér princess";"Disney termékek";333;2016-08-20 06:00:00
297201;"DISNEY MÉLYTÁNYÉR - Angry birds";"Disney termékek";244;2016-08-20 08:00:00
297301;"DISNEY MÉLYTÁNYÉR - Micimackó";"Disney termékek";244;2016-08-20 10:00:00
297401;"DISNEY MÉLYTÁNYÉR - Verdák";"Disney termékek";244;2016-08-20 12:00:00
297501;"Disney Micimackó zenélõ henger";"Bébijátékok";1490;2016-08-20 14:00:00
297601;"Disney Micimackós dob";"Bébijátékok";2790;2016-08-20 16:00:00
297701;"Disney Mickey egér Clubhouse labda, 6 cm";"Labda";299;2016-08-20 18:00:00
297801;"DISNEY MIKROBÖGRE - VERDÁK";"Disney termékek";438;2016-08-20 20:00:00
297901;"Disney Minnie egér labda, 6 cm";"Labda";299;2016-08-20 22:00:00
298001;"DISNEY MÜZLIS TÁL - Mickey egér";"Disney termékek";399;2016-08-21 00:00:00
298101;"DISNEY MÜZLIS TÁL - Toy Story";"Disney termékek";399;2016-08-21 02:00:00
298201;"Disney Némó nyomában mozaik kirakó";"Fejlesztõ játékok";2490;2016-08-21 04:00:00
298301;"Disney Némó nyomában rajzsablon";"Fejlesztõ játékok";769;2016-08-21 06:00:00
299001;"DISNEY POHÁR - Micimackó";"Disney termékek";272;2016-08-21 08:00:00
299501;"DISNEY POHÁR - Princess";"Disney termékek";272;2016-08-21 10:00:00
332101;"DISNEY SOEHNLE KONYHAI MÉRLEG - FOREVER CLASSIC, 5KG/1G";"Disney termékek";12990;2016-08-21 12:00:00
1659201;"DISNEY SOEHNLE SZEMÉLYMÉRLEG - FOREVER CLASSIC, 180KG/100G";"Disney termékek";13990;2016-08-21 14:00:00
1659301;"Disney Verdák labda, 10 cm";"Labda";469;2016-08-21 16:00:00
1659401;"Disney Verdák mozaik kirakó";"Fejlesztõ játékok";2490;2016-08-21 18:00:00
1659501;"Disney Verdás rajzsablon";"Fejlesztõ játékok";699;2016-08-21 20:00:00
1659601;"Divatos baba, hegedûvel";"Játék lányoknak";1490;2016-08-21 22:00:00
1659701;"Divine chilis-narancsos étcsokoládé";"Édességek";699;2016-08-22 00:00:00
1659801;"Don Antonio Passata di Pomodoro 500g";"Szószok, öntetek";990;2016-08-22 02:00:00
1659901;"Dorset berries & cherries muesli 620g";"Reggelihez";1590;2016-08-22 04:00:00
1660001;"Dr Pepper 330ml";"Szénsavas italok";199;2016-08-22 06:00:00
1660101;"Dubai-persely";"Kreatív játékok";2190;2016-08-22 08:00:00
1660201;"Duval-Leroy Brut (0,75 l)";"Pezsgõk";11435;2016-08-22 10:00:00
1660301;"Duval-Leroy DL Rosé Prestige Brut (0,75 l)";"Pezsgõk";17790;2016-08-22 12:00:00
1660401;"Dúzsi Leányvári Kékfrankos 2008";"Dúzsi Tamás";1530;2016-08-22 14:00:00
1660501;"Dúzsi Marci 2011";"Dúzsi Tamás";1270;2016-08-22 16:00:00
1660601;"Dúzsi Pinot Noir 2007";"Dúzsi Tamás";3660;2016-08-22 18:00:00
1660701;"Dúzsi Szegzárdi Kadarka 2008";"Dúzsi Tamás";2680;2016-08-22 20:00:00
1660801;"Dúzsi Szegzárdi Merlot 2008";"Dúzsi Tamás";2680;2016-08-22 22:00:00
1660901;"Dúzsi Szegzárdi Ó Vörös 2007";"Dúzsi Tamás";2680;2016-08-23 00:00:00
1661501;"Dúzsi Szegzárdi Syrah 2009";"Dúzsi Tamás";3660;2016-08-23 02:00:00
1669701;"Dúzsi Új Rosé 2011";"Dúzsi Tamás";1510;2016-08-23 04:00:00
1669801;"DVD - Hogyan lopjunk felhõkarcolót";"Film";1269;2016-08-23 06:00:00
1669901;"EASY GRIP Tortaforma kerek 23 cm";"Konyha";1411;2016-08-23 08:00:00
1670001;"EASY GROWING magasított virágtartó";"Kerti bútorok";19998;2016-08-23 10:00:00
1670201;"Eat Nat Almonds apricots & yoghurt 50g M";"Mûzliszeletek";350;2016-08-23 12:00:00
1670301;"Ebédlõkészlet 18 részes light silver - DREAM FLOWER";"Edények,Evõeszközök, Poharak";19468;2016-08-23 14:00:00
1673401;"EBÉDLÕKÉSZLET FEHÉR 18 RÉSZES - QUADRATO";"Edények,Evõeszközök, Poharak";21496;2016-08-23 16:00:00
1678201;"ECHINACEA  Étrend-kiegészítõ tabletta";"FLP Étrend kiegészítõk";7525;2016-08-23 18:00:00
1680801;"Édesség készítõ gyurmakészlet, 21 darabos";"Fejlesztõ játékok";1590;2016-08-23 20:00:00
1680901;"Educa puzzle ragasztó";"Puzzle";2190;2016-08-23 22:00:00
1681001;"Elefánt plüss állat, 23 cm";"Plüssök";3690;2016-08-24 00:00:00
1681101;"Elefántos homokozó, fedéllel";"Szabadtéri játékok";6190;2016-08-24 02:00:00
1681201;"ELEKTROMOS DARÁLÓ ALULRÓL MEGVILÁGÍTOTT KERÁMIA ÕRLÕ SZERKEZETTEL -";"Kávéfõzõ, kávédaráló";2116;2016-08-24 04:00:00
1681301;"Elektromos ügyességi játék";"Fejlesztõ játékok";1190;2016-08-24 06:00:00
1681401;"Építs és játssz! kincses sziget 038";"Kreatív játékok";2790;2016-08-24 08:00:00
1681501;"Építs és játssz! traktor 625";"Kreatív játékok";3490;2016-08-24 10:00:00
1681601;"Essence 45cl, vörösboros pohár 2 db";"Edények,Evõeszközök, Poharak";9290;2016-08-24 12:00:00
1681701;"Esztergomi Bazilika";"Kreatív játékok";3490;2016-08-24 14:00:00
1681801;"ETS Black Chai Org. tea 20filter 40g";"Filteres tea";799;2016-08-24 16:00:00
1681901;"Euroborok Bátaapáti ""Tûzkõ Birtok"" Chardonnay bq. 2012 (0,75 l)";"Fehér borok";1630;2016-08-24 18:00:00
1682001;"EVER SHIELD DEODORANT";"FLP Kozmetikai termékek";2581;2016-08-24 20:00:00
1682101;"EVÕESZKÖZKÉSZLET 24 RÉSZES - WAVE";"Edények,Evõeszközök, Poharak";5828;2016-08-24 22:00:00
1682201;"EYELUMINATE MASCARA, EYE LINER SET GREEN";"FLP Kozmetikai termékek";11972;2016-08-25 00:00:00
1682301;"Ezüstmetál lufi csomag, 100 darabos";"Party kellék";1890;2016-08-25 02:00:00
1682401;"Fa Olds Mobile (13 cm)";"Játék";414;2016-08-25 04:00:00
1682501;"Fa Olds Mobile (25 cm)";"Játék";1146;2016-08-25 06:00:00
1682601;"Fa puzzle, számok";"Bébijátékok";799;2016-08-25 08:00:00
1682701;"FAB ENERGY DRINK Trópusi gyümölcs ízû szénsavas ital";"FLP Étrend kiegészítõk";1000;2016-08-25 10:00:00
1682801;"FAB X ENERGY DRINK  Cukormentes szénsavas energiaital édesítõszerrel";"FLP Étrend kiegészítõk";1000;2016-08-25 12:00:00
1682901;"Fajáték hálószobabútor 6 db-os";"Játék";1071;2016-08-25 14:00:00
1683001;"Fajáték konyhabútor 5 db-os";"Játék";1071;2016-08-25 16:00:00
1683101;"Fanti Brunello Di Montalcino DOCG 2008 (0,75 l)";"Vörösborok";11185;2016-08-25 18:00:00
1683201;"Fanti Rosso Di Montalcino DOC 2011 (0,75 l)";"Vörösborok";4320;2016-08-25 20:00:00
1683301;"Fantinel borokgoTesis Pinot Grigio 2013 (0,75 l)";"Vörösborok";2930;2016-08-25 22:00:00
1683401;"Fantinel Spumanti Prosecco Exra Dry (0,75 l)";"Pezsgõk";2525;2016-08-26 00:00:00
1683501;"Fantinel Spumanti Rosé Brut (0,75 l)";"Rosé borok";3770;2016-08-26 02:00:00
1688101;"Farm állat játékkészlet";"Játék fiúknak";469;2016-08-26 04:00:00
1688201;"Farm Ház verandával szabadtéri játék";"Szabadtéri játékok";44990;2016-08-26 06:00:00
1688301;"Farmer's aszalt ananász 100g";"Magvak, aszalt gyümölcsök";990;2016-08-26 08:00:00
1688401;"FatMax zárható imbuszkulcs készlet (8 részes)";"Barkács";3307;2016-08-26 10:00:00
1688501;"FC Barcelona labda piros-kék, 23 cm";"Labda";569;2016-08-26 12:00:00
1688601;"Fehér lufi csomag, 100 darabos";"Party kellék";1490;2016-08-26 14:00:00
1688701;"Fehér szív alakú lufi csomag, 10 darabos";"Party kellék";239;2016-08-26 16:00:00
1688801;"Fehér szív alakú lufi csomag, 100 darabos";"Party kellék";1890;2016-08-26 18:00:00
1688901;"Fejhallgató Seven 3,5mm-es Jack dugóval";"Fejhallgató";1990;2016-08-26 20:00:00
1689001;"Fekete színû pisztoly hanggal, fénnyel";"Játék fiúknak";469;2016-08-26 22:00:00
1689101;"Felfújható puff";"Otthon, egyéb";6490;2016-08-27 00:00:00
1689201;"Felfújható puff";"Otthon, egyéb";6490;2016-08-27 02:00:00
1689301;"Felfújható puff";"Otthon, egyéb";6490;2016-08-27 04:00:00
1689401;"Felfújható vendégágy állítható háttámlával";"Otthon, egyéb";9990;2016-08-27 06:00:00
1689501;"Felfújható vendégágy fejpárnával, beépített pumpával, 203x152x46 cm";"Otthon, egyéb";13490;2016-08-27 08:00:00
1689601;"fém ágvágó, kicsi L90";"Kerti szerszámok";12790;2016-08-27 10:00:00
1689701;"fém ágvágó, közepes L94";"Kerti szerszámok";19290;2016-08-27 12:00:00
1689801;"fém ágvágó, nagy L98";"Kerti szerszámok";20990;2016-08-27 14:00:00
1689901;"Fentimans CherryTree Cola 275ml";"Szénsavas italok";499;2016-08-27 16:00:00
1690001;"Fénykard";"Játék fiúknak";4290;2016-08-27 18:00:00
1690101;"Ferrari F12 elektromos autó gyerekeknek";"Autó,Jármû";89990;2016-08-27 20:00:00
1690201;"Ferrari Kids Gyûjthetõ";"Játék";1605;2016-08-27 22:00:00
1690301;"Ferrari KIDS Játszószõnyeg";"Játék";4450;2016-08-28 00:00:00
1690401;"Festhetõ puzzle 3D Autó";"Játék";488;2016-08-28 02:00:00
1690501;"FIBER  vízoldható növényi rostot tartalmazó étrend-kiegészítõgluténmentes";"FLP Étrend kiegészítõk";7028;2016-08-28 04:00:00
1690601;"FIELDS of GREENS  lucernalevél szárított õrleményt tartalmaz";"FLP Étrend kiegészítõk";4345;2016-08-28 06:00:00
1690701;"Figula Balatonszõlõsi Olaszrizling 2014 (0,75 l)";"Fehér borok";1445;2016-08-28 08:00:00
1690801;"Figula Balázs-hegy Chardonnay 2013 (0,75 l)";"Fehér borok";2960;2016-08-28 10:00:00
1690901;"Figurás lufi csomag, 6 darabos";"Party kellék";189;2016-08-28 12:00:00
1691001;"Fiji ásványvíz 0,5l";"Ásványvíz";590;2016-08-28 14:00:00
1691101;"FILLY BOSZI 1DB OS GYÛJTÕZACSKÓ";"Kreatív játékok";719;2016-08-28 16:00:00
1691201;"FILLY BOSZI BABA-MAMA";"Kreatív játékok";1190;2016-08-28 18:00:00
1691301;"FILLY BOSZI CSALÁD SZETT";"Kreatív játékok";1690;2016-08-28 20:00:00
1691401;"FILLY BOSZI VARÁZSLATOS SZÉLMALOM";"Kreatív játékok";9990;2016-08-28 22:00:00
1691501;"Filly Sellõ tolltartó";"Kreatív játékok";899;2016-08-29 00:00:00
1691601;"Filly Sellõ uzsonnásdoboz";"Kreatív játékok";899;2016-08-29 02:00:00
1691701;"FIREWOOD SHELTER tüzifa tároló, fa hatású";"Kerti bútorok";33001;2016-08-29 04:00:00
1691801;"FIRST";"FLP Kozmetikai termékek";7126;2016-08-29 06:00:00
1692001;"FLEUR de JOUVENCE   Aloe alapú regeneráló szépségápolási készlet";"FLP Kozmetikai termékek";31474;2016-08-29 08:00:00
1692101;"FLP";"Shop in Shop";1;2016-08-29 10:00:00
1692201;"FLY WHEELS ? A LEGGYORSABB KERÉK ? DUPLA KEREKES KILÖVÕ";"Játék fiúknak";849;2016-08-29 12:00:00
1692301;"Flying Goose Chilli Sauce green 295ml";"Szószok, öntetek";690;2016-08-29 14:00:00
1692401;"Flying Goose Chilli sauce seafood 375ml";"Szószok, öntetek";690;2016-08-29 16:00:00
1692501;"Fonott kosár 4 rekesszel barna mintával";"Dekor, Ajándék";1368;2016-08-29 18:00:00
1692601;"Fonott kosár 4 rekesszel kék mintával";"Dekor, Ajándék";1368;2016-08-29 20:00:00
1692701;"Fonott kosár 4 rekesszel piros mintával";"Dekor, Ajándék";1368;2016-08-29 22:00:00
1692801;"forgó nyelû metszõolló P92";"Kerti szerszámok";8790;2016-08-30 00:00:00
1692901;"Forgó táblás céllövölde játék";"Szabadtéri játékok";3590;2016-08-30 02:00:00
1693401;"Forgódobos felmosó szett";"Otthon, egyéb";4990;2016-08-30 04:00:00
1693501;"Francois nyerspezsgõ  (0,75 l)";"Pezsgõk";3647;2016-08-30 06:00:00
1693601;"FREEDOM Glukozamin szulfát és MSM tartalmú narancs ízesítésû";"FLP Étrend kiegészítõk";12451;2016-08-30 08:00:00
1693701;"FREEDOM2GO  Gránátalma ízû aloe vera étrend-kiegészítõ ital glukózaminnal";"FLP Étrend kiegészítõk";29693;2016-08-30 10:00:00
1693801;"Frozen yogurt magic  fagyikészítõ";"Szabadtéri játékok";3390;2016-08-30 12:00:00
1693901;"Furlan Conegliano Valdobbiadene Prosecco Spumante (0,75 l)";"Vörösborok";3215;2016-08-30 14:00:00
1694001;"Futóbicikli fékkel, fekete színû";"Közlekedési játékok";13990;2016-08-30 16:00:00
1694101;"Futóbicikli, fekete színû fékkel";"Közlekedési játékok";11990;2016-08-30 18:00:00
1694201;"Futóbicikli, piros színû";"Közlekedési játékok";11990;2016-08-30 20:00:00
1694301;"Futóbicikli, piros színû, fordítható vázzal";"Közlekedési játékok";9490;2016-08-30 22:00:00
1694401;"Futóbicikli, sárga-fekete színû";"Közlekedési játékok";11990;2016-08-31 00:00:00
1694501;"Futóbicikli, zöld-fekete színû";"Közlekedési játékok";11990;2016-08-31 02:00:00
1694601;"FUTURA wood szögletes étkezõ asztal";"Kerti bútorok";30404;2016-08-31 04:00:00
1694701;"fûnyíró olló GS42";"Kerti szerszámok";7690;2016-08-31 06:00:00
1694801;"fûnyíró olló, hosszú nyelû GS46";"Kerti szerszámok";12890;2016-08-31 08:00:00
1694901;"Fyr Flyz";"Szabadtéri játékok";1390;2016-08-31 10:00:00
1695001;"GALT Express yourself  köröm díszítõ";"Fejlesztõ játékok";5790;2016-08-31 12:00:00
1695101;"GAMING OPTIKAI EGÉR ""URAGE"" 2400DPI";"Kiegészítõk";4490;2016-08-31 14:00:00
1695201;"GAMING PS3 BILL+EGÉR ADAPTER ""SPEEDSHOT""";"Kiegészítõk";14990;2016-08-31 16:00:00
1696001;"Ganic Cranberry Áfonya ásványvíz 500ml";"Ízesített vizek";390;2016-08-31 18:00:00
1696101;"GARCINIA PLUS GARCINIA CAMBOGIA kivonatot és krómot tartalmazó étrend-kieg.";"FLP Étrend kiegészítõk";11914;2016-08-31 20:00:00
1696201;"GARLIC THYME  Fokhagyma-kakukkfû lágyzselatin";"FLP Étrend kiegészítõk";6555;2016-08-31 22:00:00
1696601;"Gatao Rosé (0,75 l)";"Rosé borok";1385;2016-09-01 00:00:00
1696801;"Gatao Vinho Verde 2009 (0,75 l)";"Fehér borok";1385;2016-09-01 02:00:00
1697001;"GENTLEMANS PRIDE";"FLP Kozmetikai termékek";5362;2016-09-01 04:00:00
1697201;"Geomag Kids Color Girl 66pcs";"Fejlesztõ játékok";8490;2016-09-01 06:00:00
1706301;"Geomag PRO Panels  222 darabos";"Fejlesztõ játékok";18990;2016-09-01 08:00:00
1706401;"Gere Cabernet Sauvignon 2008";"Gere Attila";3410;2016-09-01 10:00:00
1706501;"Gere Olaszrizling 2010";"Gere Attila";1590;2016-09-01 12:00:00
1706601;"Gere Portugieser 2010";"Gere Attila";1740;2016-09-01 14:00:00
1706701;"Gere Rosé Frici 2011";"Gere Attila";2440;2016-09-01 16:00:00
1706801;"Gere Villányi Kopar Cuvée 2011 (0,75 l)";"Vörösborok";7775;2016-09-01 18:00:00
1706901;"GIN CHIA  Étrend-kiegészítõ készítmény édesítõszerrel és mézzel";"FLP Étrend kiegészítõk";6555;2016-09-01 20:00:00
1707001;"GINKGO PLUS";"FLP Étrend kiegészítõk";11319;2016-09-01 22:00:00
1708001;"Gispert dió 85g";"Magvak, aszalt gyümölcsök";1299;2016-09-02 00:00:00
1708501;"Gispert DulceMembrillo birsalmasajt 350g";"Lekvárok";1450;2016-09-02 02:00:00
1708601;"Grok Grana Padano Gusto deciso 12g";"Sós kekszek";250;2016-09-02 04:00:00
1708701;"Gru 2 labda, 6 cm";"Labda";299;2016-09-02 06:00:00
1708801;"Gru 2 Minyonok labda, 15 cm";"Labda";509;2016-09-02 08:00:00
1708901;"Gumikarkötõ készítõ készlet";"Fejlesztõ játékok";1290;2016-09-02 10:00:00
1709001;"Gumikarkötõ készítõ készlet, 4000 darabos";"Fejlesztõ játékok";3990;2016-09-02 12:00:00
1709101;"Gumikarkötõ készítõ, kicsi";"Fejlesztõ játékok";499;2016-09-02 14:00:00
1709201;"Günzer Cabernet Franc 2008";"Günzer Zoltán";3050;2016-09-02 16:00:00
1709301;"Günzer Cabernet Sauvignon 2008";"Günzer Zoltán";2430;2016-09-02 18:00:00
1709401;"Günzer Portugieser 2010";"Günzer Zoltán";1620;2016-09-02 20:00:00
1709501;"Günzer Rosé 2011";"Günzer Zoltán";1540;2016-09-02 22:00:00
1709601;"Günzer Villányi 2008";"Günzer Zoltán";1970;2016-09-03 00:00:00
1709701;"Gyerek hokikorcsolya, 37-38-as";"Szabadtéri játékok";1590;2016-09-03 02:00:00
1709801;"Gyermek jásztósátor szett, két részes";"Szabadtéri játékok";7690;2016-09-03 04:00:00
1709901;"Gyöngyfûzõ készlet, tengeri mintás";"Fejlesztõ játékok";1190;2016-09-03 06:00:00
1710001;"Gyöngyszövõ készlet";"Fejlesztõ játékok";1390;2016-09-03 08:00:00
1710101;"HAIR + NICE HAJERÕSÍTÕ-FEJBÕRÁPOLÓ SAMPON 200 ml";"Kozmetikai termékek";2490;2016-09-03 10:00:00
1853201;"HAIR + NICE HAJKENCE-FEJBÕRÁPOLÓ ÉS REGENÁLÓ KRÉM 75 ml";"Kozmetikai termékek";4990;2016-09-03 12:00:00
1853301;"HAIR + NICE HAJKONDÍCIONÁLÓ BALZSAM 200 ml";"Kozmetikai termékek";2990;2016-09-03 14:00:00
1853401;"HAIR + NICE INTENZÍV HAJTERÁPIA KOMPLEX CSOMAG";"Kozmetikai termékek";10990;2016-09-03 16:00:00
1853501;"HAMA SCENERY MEMO ALBUM 10X15/200,";"Fotókeret";1590;2016-09-03 18:00:00
1853601;"HAND & FACE SOAP";"FLP Kozmetikai termékek";4744;2016-09-03 20:00:00
1853701;"HAND SANITIZER";"FLP Kozmetikai termékek";1112;2016-09-03 22:00:00
1853801;"Hangszer készlet";"Fejlesztõ játékok";3690;2016-09-04 00:00:00
1853901;"Haraszthy Etyek-Budai Chardonnay 2013 (0,75 l)";"Fehér borok";1490;2016-09-04 02:00:00
1854001;"Haraszthy Vallejo HVP Etyek-Budai Sauvignon Blanc 2014 (0,75 l)";"Fehér borok";1945;2016-09-04 04:00:00
1854101;"Haraszthy Vallejo HVP Sir Irsai Cuvée 2014 (0,75 l)";"Fehér borok";1490;2016-09-04 06:00:00
1854201;"HARMONY wood szögletes étkezõ asztal";"Kerti bútorok";42924;2016-09-04 08:00:00
1854301;"Hauser CE-931 4in1 Kávéfõzõ";"Kávéfõzõ, kávédaráló";17272;2016-09-04 10:00:00
1854401;"Hauser DM-1200 Dagasztógép";"Aprító, szeletelõ, daráló, dagasztó";38990;2016-09-04 12:00:00
1854501;"Hauser G-742 Daráló";"Aprító, szeletelõ, daráló, dagasztó";4953;2016-09-04 14:00:00
1854601;"Háziállat készlet, 10 darabos";"Játék fiúknak";1490;2016-09-04 16:00:00
1854701;"Heimann Borunkissza 2008";"Heimann Pince";1220;2016-09-04 18:00:00
1854801;"Hercegnõ kastély gyermek játszósátor";"Szabadtéri játékok";5790;2016-09-04 20:00:00
1854901;"Hernyós játszósátor, alagúttal";"Szabadtéri játékok";7090;2016-09-04 22:00:00
1855001;"Hexbug AQUABOT - BOHÓCHAL NARANCS";"Kreatív játékok";1690;2016-09-05 00:00:00
1855101;"Hexbug AQUABOT - CÁPA PIROS";"Kreatív játékok";1690;2016-09-05 02:00:00
1855201;"Hexbug AQUABOT - CÁPA SZÜRKE";"Kreatív játékok";1690;2016-09-05 04:00:00
1855301;"Hexbug Nano Bogarak";"Kreatív játékok";1690;2016-09-05 06:00:00
1855401;"Hexbug Nano V2";"Kreatív játékok";2590;2016-09-05 08:00:00
1855501;"Hexbug Nano V2 Harci szett (Bridge Battle Set)";"Kreatív játékok";6990;2016-09-05 10:00:00
1855601;"Hexbug Nano V2 Oválpálya (Orbit)";"Kreatív játékok";3490;2016-09-05 12:00:00
1855701;"HEXBUG WARRIORS STADION - PIROS-SÁRGA";"Kreatív játékok";5190;2016-09-05 14:00:00
1855801;"HIDRATE CONDITIONER";"FLP Kozmetikai termékek";6229;2016-09-05 16:00:00
1855901;"High Sped Buggy 4WD RC Hobby autó";"Autó,Jármû";36990;2016-09-05 18:00:00
1856001;"High Sped Buggy 4WD RC Hobby autó";"Autó,Jármû";49990;2016-09-05 20:00:00
1856101;"Himeji-Jo";"Kreatív játékok";2890;2016-09-05 22:00:00
1856201;"HMS Victory";"Kreatív játékok";4490;2016-09-06 00:00:00
1856301;"Homokozóforma szett";"Szabadtéri játékok";189;2016-09-06 02:00:00
1856401;"HOMOKVARÁZS";"Kreatív játékok";1290;2016-09-06 04:00:00
1856501;"Hot Wheels - kisautó";"Játék";1990;2016-09-06 06:00:00
1856601;"HotCool 34 cl, tea/jegestea pohár 2 db";"Edények,Evõeszközök, Poharak";7890;2016-09-06 08:00:00
1856701;"Hõálló ovális jénai sütõtál fedõvel (2,4 literes) LT 3006";"Konyha";2718;2016-09-06 10:00:00
1856801;"Huey Cobra harci helikopter";"Kreatív játékok";1190;2016-09-06 12:00:00
1856901;"Hungarian Parliament Building-Parlament";"Kreatív játékok";3090;2016-09-06 14:00:00
1857001;"Hungary labda 23 cm";"Labda";449;2016-09-06 16:00:00
1857101;"Hupikék Törpikék labda, 23 cm";"Labda";629;2016-09-06 18:00:00
1857201;"Hüllõs játékkészlet";"Játék fiúknak";469;2016-09-06 20:00:00
1857301;"HYDRATE SHAMPOO";"FLP Kozmetikai termékek";6229;2016-09-06 22:00:00
1857401;"I DO 3D  2 dbos";"Játék fiúknak";5390;2016-09-07 00:00:00
1857501;"I DO 3D  4 dbos";"Játék fiúknak";9990;2016-09-07 02:00:00
1858201;"I DO 3D  8 dbos";"Játék fiúknak";16990;2016-09-07 04:00:00
1858401;"I DO 3D 1 dbos kezdõ szett";"Játék fiúknak";3090;2016-09-07 06:00:00
1859001;"IBILI 3 pengés hámozó";"Konyha";1943;2016-09-07 08:00:00
1859101;"Icelandic Glacial mineral water 1l";"Ásványvíz";499;2016-09-07 10:00:00
1859201;"Ikon Chardonnay 2011";"Ikon Pincészet";1340;2016-09-07 12:00:00
1859301;"Ikon Kékfrankos 2011";"Ikon Pincészet";1340;2016-09-07 14:00:00
1859401;"Ikon Merlot 2009";"Ikon Pincészet";1340;2016-09-07 16:00:00
1859501;"Ikon Rosé 2011 (decembertõl)";"Ikon Pincészet";1340;2016-09-07 18:00:00
1865401;"Ilag Ceramic bevonatú edény 24 cm - PURE LINE";"Edények,Evõeszközök, Poharak";7899;2016-09-07 20:00:00
1865501;"Ilag Ceramic bevonatú pároló edény 20 cm - PURE LINE";"Edények,Evõeszközök, Poharak";11797;2016-09-07 22:00:00
1868501;"IMMUBLEND   Cinket, C és D3 vitamint tartalmazó étrend-kiegészítõ tabletta";"FLP Étrend kiegészítõk";6072;2016-09-08 00:00:00
1888301;"Inspiration gyomláló villa";"Kert";876;2016-09-08 02:00:00
1908701;"Inspiration talajlazító viola";"Kert";876;2016-09-08 04:00:00
1908801;"Inspiration ültetõ kanál liliom";"Kert";876;2016-09-08 06:00:00
1909501;"IOWA rattan fotel";"Kerti bútorok";16078;2016-09-08 08:00:00
1909601;"IOWA rattan fotel";"Kerti bútorok";16078;2016-09-08 10:00:00
1909701;"IOWA rattan fotel";"Kerti bútorok";16078;2016-09-08 12:00:00
1909801;"IOWA rattan fotel";"Kerti bútorok";16078;2016-09-08 14:00:00
1915101;"IOWA rattan fotel";"Kerti bútorok";16078;2016-09-08 16:00:00
1915401;"IOWA rattan fotel";"Kerti bútorok";16078;2016-09-08 18:00:00
1915501;"IOWA rattan fotel";"Kerti bútorok";16078;2016-09-08 20:00:00
1915601;"IOWA rattan fotel";"Kerti bútorok";16078;2016-09-08 22:00:00
1915701;"iPhone 4, 4S mobiltelefon hátlap";"Mobiltelefon hátlap";300;2016-09-09 00:00:00
1915801;"Italhûtõ tasak (1 db)";"Konyha";914;2016-09-09 02:00:00
1915901;"IVY virágtartó 3 résszel";"Kerti bútorok";2997;2016-09-09 04:00:00
1916001;"Jack Link's curry ízesítésû szárított csirkehús falatok 25g";"Chipsek";499;2016-09-09 06:00:00
1916101;"Janus Villányi borokdó 2008 (0,75 l)";"Vörösborok";2005;2016-09-09 08:00:00
1916201;"Janus Villányi Cabernet Franc 2011 (0,75 l)";"Vörösborok";2380;2016-09-09 10:00:00
1916301;"Janus Villányi Pinot Noir 2011 (0,75 l)";"Vörösborok";2005;2016-09-09 12:00:00
1916401;"Janus Villányi Portugieser 2013 (0,75 l)";"Vörösborok";1480;2016-09-09 14:00:00
1916501;"Japán soba tészta 300g";"Tészták";750;2016-09-09 16:00:00
1916701;"Japán udon tészta";"Tészták";690;2016-09-09 18:00:00
1916801;"Játék a számokkal gyurmakészlet, 23 darabos";"Fejlesztõ játékok";989;2016-09-09 20:00:00
1916901;"Játszóház, komplett 140x150x170cm";"Szabadtéri játékok";8990;2016-09-09 22:00:00
1917001;"JCB Hídépítõ játékkészlet, 69 darabos";"Játék fiúknak";6490;2016-09-10 00:00:00
1917101;"JCB Munkagép szállító kamion, 5 az 1-ben";"Autó,Jármû";6390;2016-09-10 02:00:00
1917201;"Jégkrém készítõ forma";"Konyha";1232;2016-09-10 04:00:00
1917301;"Jégvarázs #108";"Kreatív játékok";1190;2016-09-10 06:00:00
1917401;"Jégvarázs #60";"Kreatív játékok";1190;2016-09-10 08:00:00
1917501;"Jégvarázs Maxi#108";"Kreatív játékok";1890;2016-09-10 10:00:00
1917601;"Jégvarázs rajzolóiskola";"Kreatív játékok";2590;2016-09-10 12:00:00
1917701;"Jégvarázs társasjáték";"Kreatív játékok";3490;2016-09-10 14:00:00
1917801;"Jekl Villányi Cabernet Sauvignon barrique 2011 (0,75 l)";"Vörösborok";2650;2016-09-10 16:00:00
1917901;"Jet-ski libikóka";"Szabadtéri játékok";3990;2016-09-10 18:00:00
1918001;"John Deere markoló";"Játék";2424;2016-09-10 20:00:00
1918701;"Juhász Egri Bikavér 2011 (0,75 l)";"Vörösborok";2170;2016-09-10 22:00:00
1919001;"Juhász Egri Egri Csillag 2013 (0,75 l)";"Vörösborok";1600;2016-09-11 00:00:00
1919101;"Juhász Egri Gyöngyborok (Cs.F-Rizl.szilváni) 2014 (0,75 l)";"Fehér borok";1375;2016-09-11 02:00:00
1919201;"Juhász Egri Paptag Cuvée Superior 2011 (0,75 l)";"Vörösborok";2575;2016-09-11 04:00:00
1919301;"Juhász Rosé 2014 (0,75 l)";"Rosé borok";1160;2016-09-11 06:00:00
1919901;"Just serpenyõ 20 cm";"Konyha";2231;2016-09-11 08:00:00
1920001;"Just serpenyõ 30 cm";"Konyha";3048;2016-09-11 10:00:00
1920101;"Kagylós homokozó, kék";"Szabadtéri játékok";3090;2016-09-11 12:00:00
1920201;"Kajmád Szekszárdi Cabernet Franc 2011 (0,75 l)";"Vörösborok";2580;2016-09-11 14:00:00
1920301;"Kaland jásztósátor szett, három részes";"Szabadtéri játékok";11490;2016-09-11 16:00:00
1920401;"Kalóz játék pisztoly";"Játék fiúknak";799;2016-09-11 18:00:00
1922401;"Kalózos gyermek játszósátor alagúttal";"Szabadtéri játékok";5290;2016-09-11 20:00:00
1926601;"Karácsonyfadísz (12db gömb) - angyalos";"Gyermek egyéb";1521;2016-09-11 22:00:00
1932001;"Karikadobálós pohárépítõ játék";"Fejlesztõ játékok";729;2016-09-12 00:00:00
1932901;"Katicás játszósátor";"Szabadtéri játékok";5790;2016-09-12 02:00:00
1933001;"KÁVÉ KÉSZÍTÕ ÜVEGFÜLLEL 600ML -";"Edények,Evõeszközök, Poharak";2510;2016-09-12 04:00:00
1933301;"KÁVÉS SZETT CSÉSZE 200ML + CSÉSZEALJ 12 RÉSZES - TULIPAN";"Edények,Evõeszközök, Poharak";3743;2016-09-12 06:00:00
1933401;"Kék gimnasztika labda, 55 cm-es";"Labda";1790;2016-09-12 08:00:00
1933501;"Kék pedálos tricikli, szülõkarral";"Közlekedési játékok";5690;2016-09-12 10:00:00
1933601;"Kék ugráló labda, 60 cm";"Labda";1890;2016-09-12 12:00:00
1933701;"Ken Forrester Petit Chenin Blanc 2014 (0,75 l)";"Fehér borok";2515;2016-09-12 14:00:00
1933801;"Ken Forrester Petit Pinotage 2013 (0,75 l)";"Fehér borok";2515;2016-09-12 16:00:00
1933901;"Kerámia bárányok (9 db) - faládában";"Dekor, Ajándék";1138;2016-09-12 18:00:00
1934001;"KERÁMIA BEVONATÚ FAZÉKKÉSZLET 8 RÉSZES GREEN - FUSION FRESH";"Edények,Evõeszközök, Poharak";16566;2016-09-12 20:00:00
1934101;"KERÁMIA BEVONATÚ FAZÉKKÉSZLET 8 RÉSZES TAUPE - FUSION FRESH";"Edények,Evõeszközök, Poharak";16489;2016-09-12 22:00:00
1934201;"Kerámia csatosüveg - magyar mintás 15*10";"Dekor, Ajándék";798;2016-09-13 00:00:00
1934301;"KERÁMIA KASPÓ - Levendula mintával";"Kert";615;2016-09-13 02:00:00
1934401;"KERÁMIA KASPÓ - Purify mintával";"Kert";615;2016-09-13 04:00:00
1934501;"KERÁMIA KASPÓ - Rózsa mintával";"Kert";615;2016-09-13 06:00:00
1934601;"KERÁMIA KASPÓ ÍRHATÓ PEREM - Lila színû";"Kert";682;2016-09-13 08:00:00
1934701;"KERÁMIA KASPÓ ÍRHATÓ PEREM - Narancs színû";"Kert";682;2016-09-13 10:00:00
1934801;"KERÁMIA KASPÓ ÍRHATÓ PEREM - Rózsaszín";"Kert";682;2016-09-13 12:00:00
1934901;"KEREK HÕÁLLÓ CSIRKESÜTÕ TÁL FEDÕVEL 5,5L - CLASSIC";"Edények,Evõeszközök, Poharak";3604;2016-09-13 14:00:00
1935001;"KEREK HÕÁLLÓ SÜTÕTÁL FEDÕVEL 5L - CLASSIC";"Edények,Evõeszközök, Poharak";2480;2016-09-13 16:00:00
1935101;"KÉS SZETT TARTÓVAL 6 RÉSZES - MAGNAT";"Kések";12598;2016-09-13 18:00:00
1935201;"Kettle balzsamecetes-sós burgonyachips 150g";"Chipsek";799;2016-09-13 20:00:00
1935301;"Kézi habverõ";"Konyha";2235;2016-09-13 22:00:00
1935401;"Khao Shong coconut coated peanuts 185g";"Magvak, aszalt gyümölcsök";990;2016-09-14 00:00:00
1935501;"KIDS NEW  Multivitamin étrend-kiegészítõ rágótabletta édesítõszerrel.";"FLP Étrend kiegészítõk";3919;2016-09-14 02:00:00
1935601;"Kijev repülõgéphordozó";"Kreatív játékok";1990;2016-09-14 04:00:00
1935701;"Kis homokozó készlet";"Szabadtéri játékok";249;2016-09-14 06:00:00
1935801;"Kiszúró készlet 40 db-os (állatok+jármûvek)";"Konyha";3912;2016-09-14 08:00:00
1935901;"Kockás mintás hintaló, hanggal";"Bébijátékok";9390;2016-09-14 10:00:00
1936001;"Konyári  Kékfrankos 2009";"Konyári János";2920;2016-09-14 12:00:00
1936101;"Konyári Cabernet Sauvignon 2008";"Konyári János";2070;2016-09-14 14:00:00
1936201;"Konyári Merlot-Kékfrankos 2009";"Konyári János";1340;2016-09-14 16:00:00
1936301;"Konyhai eszközkészlet";"Konyha";3804;2016-09-14 18:00:00
1936401;"Konyhai mérleg - DREAM FLOWER";"Konyhai mérleg";3296;2016-09-14 20:00:00
1936501;"Kosárlabdás fürdõjáték";"Bébijátékok";2190;2016-09-14 22:00:00
1936601;"KOTYOGÓS KÁVÉFÕZÕ ROZSDAMENTES ACÉLBÓL 200ML - VELLA";"Kávéfõzõ, kávédaráló";2340;2016-09-15 00:00:00
1936701;"KOTYOGÓS KÁVÉFÕZÕ ROZSDAMENTES ACÉLBÓL 300ML - VELLA";"Kávéfõzõ, kávédaráló";2704;2016-09-15 02:00:00
1936801;"KOTYOGÓS KÁVÉFÕZÕ ROZSDAMENTES ACÉLBÓL 450ML - VELLA";"Kávéfõzõ, kávédaráló";3294;2016-09-15 04:00:00
1937001;"KOVÁCSOLT PENGÉJÛ KÉS SZETT TARTÓVAL 6 RÉSZES - GRANITE";"Kések";11849;2016-09-15 06:00:00
1937401;"KOVÁCSOLT PENGÉJÛ KÉS SZETT TARTÓVAL 6 RÉSZES - TITANIUM";"Kések";12760;2016-09-15 08:00:00
1937501;"Kreatív homokrajz";"Kreatív játékok";619;2016-09-15 10:00:00
1937601;"Kreatív játékgyûjtemény 10 az 1-ben magyar nyelven";"Kreatív játékok";3490;2016-09-15 12:00:00
1937701;"Krokodilos gyermek libikóka hinta";"Szabadtéri játékok";7490;2016-09-15 14:00:00
1937801;"kúpkerekes metszõolló P94";"Kerti szerszámok";9990;2016-09-15 16:00:00
1938001;"kupon kedvezmény";"Webshop";0;2016-09-15 18:00:00
1938301;"Különbözõ formájú partylufi csomag, 25 darabos";"Party kellék";319;2016-09-15 20:00:00
1938401;"La Tourangelle Argánolaj bio 250ml";"Olajak";5990;2016-09-15 22:00:00
1938501;"Lábtartós Babakocsi epres mintával, 54 cm";"Játék lányoknak";5890;2016-09-16 00:00:00
1938601;"Lajvér Pannon Cuvée Blanc 2014 (0,75 l)";"Fehér borok";1475;2016-09-16 02:00:00
1938701;"Lajvér Szekszárdi Rosé 2014 (0,75 l)";"Fehér borok";1475;2016-09-16 04:00:00
1938801;"Lajvér Szekszárdi Triangulum Cuvée 2012 (0,75 l)";"Vörösborok";1550;2016-09-16 06:00:00
1938901;"Lamborghini elektromos autó gyerekeknek";"Autó,Jármû";79990;2016-09-16 08:00:00
1939001;"Laposa Badacsonyi Illatos Friss 2013 (0,75 l)";"Fehér borok";1640;2016-09-16 10:00:00
1939101;"Laposa Badacsonyi Rizling 2 2012 (0,75 l)";"Fehér borok";2460;2016-09-16 12:00:00
1939201;"Laposa Badacsonyi Rizling Friss 2013 (0,75 l)";"Fehér borok";1460;2016-09-16 14:00:00
1939301;"LARISA magastámlás étkezõ szék";"Kerti bútorok";6242;2016-09-16 16:00:00
1939401;"LARISA magastámlás étkezõ szék";"Kerti bútorok";6242;2016-09-16 18:00:00
1939501;"Lázadók fénykardja kulcstartó";"Játék fiúknak";3390;2016-09-16 20:00:00
1939601;"Lázadók szellemhajója kulcstartó";"Játék fiúknak";3890;2016-09-16 22:00:00
1939701;"LEAN  Nopál kaktuszt, bab kivonatot és krómot tartalmazóétrend-kiegészítõ";"FLP Étrend kiegészítõk";10907;2016-09-17 00:00:00
1939801;"Légli '333' 2011 (az év 333. napjától)";"Dél-Balaton";1340;2016-09-17 02:00:00
1939901;"Légli Blanc 2010";"Légli Ottó";1340;2016-09-17 04:00:00
1940001;"Légli Chardonnay 2011 (márciustól)";"Légli Ottó";2590;2016-09-17 06:00:00
1940101;"Légli Lugas 2009";"Légli Ottó";1940;2016-09-17 08:00:00
1940201;"Lena Bohócos búgócsiga";"Bébijátékok";2290;2016-09-17 10:00:00
1940301;"Lena Búgócsiga körhintás mintával, 13 cm";"Bébijátékok";1390;2016-09-17 12:00:00
1940401;"Lena Farm mintás zenélõ henger";"Bébijátékok";1390;2016-09-17 14:00:00
1940501;"Lena Hercegnõs búgócsiga";"Bébijátékok";1390;2016-09-17 16:00:00
1940601;"Lena Kacsás zenélõ henger";"Bébijátékok";1490;2016-09-17 18:00:00
1940701;"Lena Mini munkagép";"Autó,Jármû";819;2016-09-17 20:00:00
1940801;"Lena Mozaik készlet, 140 darabos";"Fejlesztõ játékok";1490;2016-09-17 22:00:00
1940901;"Lena Színes kaleidoszkóp, 15 cm";"Fejlesztõ játékok";719;2016-09-18 00:00:00
1941001;"Lena Tengeri állatos búgócsiga";"Bébijátékok";2390;2016-09-18 02:00:00
1941101;"Lena Tengeri állatos búgócsiga";"Bébijátékok";1390;2016-09-18 04:00:00
1941201;"Lena Világítótornyos búgócsiga";"Bébijátékok";5190;2016-09-18 06:00:00
1941301;"Liaoning repülõgéphordozó";"Kreatív játékok";1990;2016-09-18 08:00:00
1941401;"Lila rongybaba, 40 cm";"Játék lányoknak";1790;2016-09-18 10:00:00
1941901;"LIPS WITH JOJOBA";"FLP Kozmetikai termékek";1250;2016-09-18 12:00:00
1942201;"LIQUID EYELINER";"FLP Kozmetikai termékek";6189;2016-09-18 14:00:00
1943101;"Lisicza Sauvignon Blanc 2011";"Lisicza Borház";2070;2016-09-18 16:00:00
1943201;"LITE ULTRA CHOCOLATE 15 SERVING";"FLP Étrend kiegészítõk";6475;2016-09-18 18:00:00
2070401;"LITE ULTRA VANILLA 15 SERVINGS";"FLP Étrend kiegészítõk";6475;2016-09-18 20:00:00
2073101;"Little's Heritage Costa Rica coffee 250g";"Szemes kávé";2290;2016-09-18 22:00:00
2074401;"Little's instant coffee + amaretto 50g";"Instant kávé";1190;2016-09-19 00:00:00
2075001;"Loko Pisilõ baba káddal és bilivel";"Játék lányoknak";5090;2016-09-19 02:00:00
2077001;"London-persely";"Kreatív játékok";2190;2016-09-19 04:00:00
2083301;"Looney Tunes sárga labda, 23 cm";"Labda";519;2016-09-19 06:00:00
2085201;"Lovagi kastély gyermek játszósátor";"Szabadtéri játékok";5790;2016-09-19 08:00:00
2087701;"Lovas libikóka, kék";"Szabadtéri játékok";4290;2016-09-19 10:00:00
2087801;"Lovas libikóka, rózsaszín";"Szabadtéri játékok";4290;2016-09-19 12:00:00
2087901;"Luigi Bosca Chardonnay 2012 (0,75 l)";"Fehér borok";3500;2016-09-19 14:00:00
2088001;"Luigi Bosca Malbec 2011 (0,75 l)";"Vörösborok";3500;2016-09-19 16:00:00
2088101;"Luigi Bosca Syrah 2011 (0,75 l)";"Vörösborok";3500;2016-09-19 18:00:00
2088201;"Lungkow vermicelli üvegtészta 250g";"Tészták";399;2016-09-19 20:00:00
2088401;"LYCIUM PLUS  Antioxidáns étrend-kiegészítõ tabletta";"FLP Étrend kiegészítõk";11914;2016-09-19 22:00:00
2141601;"M.Turenne Rillettes de Canard 180g";"Sók";1690;2016-09-20 00:00:00
2141701;"Ma Ling vizigesztenye 143g M";"Zöldség, Gyümölcs";250;2016-09-20 02:00:00
2141801;"Ma Ling vizigesztenye 540g";"Zöldség, Gyümölcs";990;2016-09-20 04:00:00
2141901;"Maci plüss állat, 7 cm";"Plüssök";489;2016-09-20 06:00:00
2142001;"Macis fedeles homokozó, kék";"Szabadtéri játékok";6190;2016-09-20 08:00:00
2142101;"Madécasse 44% arabica coffee 25g";"Édességek";490;2016-09-20 10:00:00
2142201;"Magic bubble";"Szabadtéri játékok";1690;2016-09-20 12:00:00
2142301;"Magic bubble utántöltõ";"Szabadtéri játékok";849;2016-09-20 14:00:00
2142401;"Mágikus Ház szabadtéri játék";"Szabadtéri játékok";25990;2016-09-20 16:00:00
2142501;"Mágikus Ház szabadtéri játék";"Szabadtéri játékok";25990;2016-09-20 18:00:00
2142601;"Mágneses élelmiszer készlet, 9 darabos";"Játék lányoknak";769;2016-09-20 20:00:00
2142701;"Mágneses élelmiszer készlet, 9 darabos";"Játék lányoknak";769;2016-09-20 22:00:00
2142801;"MALLORCA alacsonytámlás karosszék";"Kerti bútorok";2186;2016-09-21 00:00:00
2142901;"Malongo Café Blue Mount. Jamaica 250g";"Õrölt kávé";13990;2016-09-21 02:00:00
2143001;"MANOR 65DD kültéri ház 185x152x226 cm";"Kerti bútorok";123003;2016-09-21 04:00:00
2143101;"Markolós traktor, zöld";"Autó,Jármû";569;2016-09-21 06:00:00
2143201;"Martelli maccheroni 500g";"Tészták";999;2016-09-21 08:00:00
2143301;"Matthias Church-Fisherman's Bastion";"Kreatív játékok";3490;2016-09-21 10:00:00
2143401;"MAUI rattan lounge szett (MODENA fotel)";"Kerti bútorok";99798;2016-09-21 12:00:00
2143501;"Mayer Rosé 2011";"Mayer Márton";1660;2016-09-21 14:00:00
2143601;"Meccano Yoocans Police mágneses építõjáték";"Fejlesztõ játékok";2490;2016-09-21 16:00:00
2143701;"MEDIUM PLANTER virágtartó, mûrattan (közepes)";"Kerti bútorok";4331;2016-09-21 18:00:00
2143801;"Medvés hintaló, hanggal";"Bébijátékok";14990;2016-09-21 20:00:00
2143901;"MEGASZTÁR TÁRSASJÁTÉK";"Kreatív játékok";1690;2016-09-21 22:00:00
2144001;"MELODY QUARTET rattan szögletes asztal";"Kerti bútorok";21444;2016-09-22 00:00:00
2144101;"MELODY rattan szögletes étkezõ asztal";"Kerti bútorok";28597;2016-09-22 02:00:00
2144201;"Mély serpenyõ fedõvel 28cm - PURE LINE";"Edények,Evõeszközök, Poharak";9349;2016-09-22 04:00:00
2144301;"Mély sütõtepsi 30 cm, Copper Line";"Edények,Evõeszközök, Poharak";1590;2016-09-22 06:00:00
2144401;"Mercedes Benz SLS lábbal hajtós autó";"Autó,Jármû";12490;2016-09-22 08:00:00
2144501;"Mercedes Benz SLS lábbal hajtós autó";"Autó,Jármû";12490;2016-09-22 10:00:00
2144601;"Mercedes elektromos autó gyerekeknek";"Autó,Jármû";74990;2016-09-22 12:00:00
2144701;"metszõolló, nyíró P26";"Kerti szerszámok";3790;2016-09-22 14:00:00
2144801;"Mexican Dave's Hot Chilli 225g";"Chipsek";499;2016-09-22 16:00:00
2144901;"Micimackós búgócsiga 19 cm";"Bébijátékok";2790;2016-09-22 18:00:00
2145001;"Micorsoft Lumia 435 DS Black";"Mobiltelefonok";24990;2016-09-22 20:00:00
2145101;"MINERAL WATER   Sirona szénsavmentes természetes ásványvíz";"FLP Üditõitalok Ásványvizek";375;2016-09-22 22:00:00
2145201;"Mini csavarhúzó 12 darabos";"Barkács";2743;2016-09-23 00:00:00
2145301;"MINI Hatlövetû konfetti pisztoly 1 adag patronnal";"Szabadtéri játékok";349;2016-09-23 02:00:00
2145401;"MINI Hatlövetû konfetti pisztolyhoz ut. 2 adag patron";"Szabadtéri játékok";249;2016-09-23 04:00:00
2145501;"Mini hungarian buildings (Parlament,Mátyás-templom,Lánchíd,Hõsök tere)";"Kreatív játékok";1890;2016-09-23 06:00:00
2145601;"Mini Parlament";"Kreatív játékok";549;2016-09-23 08:00:00
2145701;"Mini stencilek dobozban pink 526";"Kreatív játékok";3190;2016-09-23 10:00:00
2145801;"MINNIE Táska készítõ szett";"Játék";1657;2016-09-23 12:00:00
2145901;"Minyonok labda, 23 cm";"Labda";629;2016-09-23 14:00:00
2146001;"Moda ülõke";"Otthon, egyéb";2990;2016-09-23 16:00:00
2146101;"Moda ülõke";"Otthon, egyéb";2990;2016-09-23 18:00:00
2146201;"Moda ülõke";"Otthon, egyéb";2990;2016-09-23 20:00:00
2146301;"Mókás figurás lufi csomag, 100 darabos";"Party kellék";809;2016-09-23 22:00:00
2146401;"Molino Spadoni 00 liszt pizzához 1kg";"Lisztek";590;2016-09-24 00:00:00
2146501;"Molino Spadoni 00 liszt tésztához 1kg";"Lisztek";590;2016-09-24 02:00:00
2146601;"Molino Spadoni durumliszt 1kg";"Lisztek";690;2016-09-24 04:00:00
2146701;"Monster High labda, 15 cm";"Labda";509;2016-09-24 06:00:00
2146801;"Monster High labda, 23 cm";"Labda";629;2016-09-24 08:00:00
2147301;"MONTREAL rattan 5 pozíciós karosszék";"Kerti bútorok";12502;2016-09-24 10:00:00
2147401;"MONTREAL rattan 5 pozíciós karosszék";"Kerti bútorok";12502;2016-09-24 12:00:00
2147501;"Moszkva";"Kreatív játékok";2190;2016-09-24 14:00:00
2147601;"MOULINEX 3000 MASTERCHEF - robotgép";"Konyhagép";17526;2016-09-24 16:00:00
2147701;"Multi csavarhúzó készlet (34 részes)";"Barkács";2151;2016-09-24 18:00:00
2147801;"Multi felfújható fotel 191x97x64cm";"Otthon, egyéb";7490;2016-09-24 20:00:00
2147901;"Multi felfújható fotel 191x97x64cm";"Otthon, egyéb";7490;2016-09-24 22:00:00
2148401;"Multi felfújható fotel 191x97x64cm";"Otthon, egyéb";7490;2016-09-25 00:00:00
2148501;"Multibit marokcsavarhúzó racsnis";"Barkács";1529;2016-09-25 02:00:00
2148601;"Multifunkciós kanapé és ágy 188 x 152 x 64 cm";"Otthon, egyéb";14390;2016-09-25 04:00:00
2148701;"Multifunkciós kanapé és ágy 188 x 152 x 64 cm";"Otthon, egyéb";14390;2016-09-25 06:00:00
2148801;"Multifunkciós kanapé és ágy 188 x 152 x 64 cm";"Otthon, egyéb";14390;2016-09-25 08:00:00
2148901;"Munkagép szett, 9 darabos";"Autó,Jármû";909;2016-09-25 10:00:00
2149001;"Mûanyag játék élelmiszerek";"Játék lányoknak";1290;2016-09-25 12:00:00
2149101;"Nabisco Oreo Sandwich Biscuits 66g";"Chipsek";349;2016-09-25 14:00:00
2149201;"Nagy Babakocsi táskával sötét rózsaszín, 70 cm";"Játék lányoknak";13990;2016-09-25 16:00:00
2149301;"Nagy takarító készlet, porszívóval";"Játék lányoknak";3990;2016-09-25 18:00:00
2149401;"Narancssárga lufi csomag, 100 darabos";"Party kellék";1490;2016-09-25 20:00:00
2149501;"NATURES 18  18 féle zöldséget és gyümölcsöt tartalmazó antioxidáns";"FLP Étrend kiegészítõk";14532;2016-09-25 22:00:00
2149601;"Neuschwanstein Castle";"Kreatív játékok";2890;2016-09-26 00:00:00
2149701;"NEW CLEAN 9 ULTRA CHOCOLATE";"FLP Étrend kiegészítõk";35202;2016-09-26 02:00:00
2149801;"NEW FOREVER CALCIUM  Kalcium étrend-kiegészítõ tabletta D és C vitamin";"FLP Étrend kiegészítõk";8714;2016-09-26 04:00:00
2149901;"New Holland traktor";"Játék";2424;2016-09-26 06:00:00
2150001;"New York-persely";"Kreatív játékok";2190;2016-09-26 08:00:00
2150101;"NewRay - 1:32 farm készlet";"Játék";2790;2016-09-26 10:00:00
2150201;"NewRay - Lamborghini 1:28 - vegyes szinek";"Játék";2101;2016-09-26 12:00:00
2150301;"NM Almond extract 60ml";"Ízesítõk";1290;2016-09-26 14:00:00
2150401;"Nortindal Tinta de Calamar doses 4x4g";"Hús, hal konzerv";299;2016-09-26 16:00:00
2150501;"Notre Dame de Paris";"Kreatív játékok";2890;2016-09-26 18:00:00
2150601;"Nyakas Budai Sauvignon Blanc 2010";"Nyakas Pince";1940;2016-09-26 20:00:00
2150701;"Óceán labda, 15 cm";"Labda";419;2016-09-26 22:00:00
2150801;"Óceán labda, 23 cm";"Labda";579;2016-09-27 00:00:00
2150901;"Ocean Spray áfonya és málna juice 1L M";"Gyümölcslevek";599;2016-09-27 02:00:00
2151001;"Óceáni állatszett, 6 darabos";"Bébijátékok";919;2016-09-27 04:00:00
2151101;"Oh aik guan Sesame oil 150ml";"Olajak";890;2016-09-27 06:00:00
2151201;"Olasz Cast. Di Verrazzano Chianti Classico 2012 (0,75 l)";"Vörösborok";3770;2016-09-27 08:00:00
2151301;"Old Jamaica Ginger beer 330ml";"Szénsavas italok";290;2016-09-27 10:00:00
2151401;"Olivier Huile Ü. Ail 250ml";"Olajak";2590;2016-09-27 12:00:00
2151501;"Oroszlános hintaló üléssel, hanggal";"Bébijátékok";10990;2016-09-27 14:00:00
2151601;"OVÁLIS HÕÁLLÓ SÜTÕTÁL FEDÕVEL 5,8L - CLASSIC";"Edények,Evõeszközök, Poharak";4393;2016-09-27 16:00:00
2151701;"Öntött alumínium tepsi Ilag Ceramic bevonattal 32x21cm  - PURE LINE";"Edények,Evõeszközök, Poharak";11663;2016-09-27 18:00:00
2179601;"Összecsukható biliárdasztal";"Fejlesztõ játékok";46990;2016-09-27 20:00:00
4287801;"Összecsukható foci kapu szabadtéri játék";"Szabadtéri játékok";4990;2016-09-27 22:00:00
4296201;"Összecsukható nagy roller";"Közlekedési játékok";9490;2016-09-28 00:00:00
4303801;"Palacsintasütõ, béka, 14 cm";"Konyha";1016;2016-09-28 02:00:00
4315001;"Palo Alto Cabernet Sauvignon 2010 (0,75 l)";"Vörösborok";1720;2016-09-28 04:00:00
4344301;"Palo Alto Malbec Oak 2010 (0,75 l)";"Vörösborok";2340;2016-09-28 06:00:00
4344401;"Palo Alto Pinot Noir 2008 (0,75 l)";"Vörösborok";3410;2016-09-28 08:00:00
4353401;"Pandás hintaló üléssel, hanggal";"Bébijátékok";12990;2016-09-28 10:00:00
4353501;"Párizs-persely";"Kreatív játékok";2190;2016-09-28 12:00:00
4355601;"Patricius Tokaji Hárslevelû pezsgõ (0,75 l)";"Fehér borok";3815;2016-09-28 14:00:00
4355901;"Patricius Tokaji Katinka 2012 (0,375 l)";"Fehér borok";2765;2016-09-28 16:00:00
4356501;"Patricius Tokaji Sárgamuskotály 2013 (0,75 l)";"Fehér borok";1870;2016-09-28 18:00:00
4356601;"Pedálos traktor markolóval";"Autó,Jármû";21490;2016-09-28 20:00:00
4356701;"Pedálos traktor markolóval és utánfutóval";"Autó,Jármû";26990;2016-09-28 22:00:00
4356801;"Pedálos traktor utánfutóval";"Autó,Jármû";21490;2016-09-29 00:00:00
4356901;"Pedálos traktor utánfutóval";"Autó,Jármû";23990;2016-09-29 02:00:00
4357001;"Pirított hagyma value pack 500g";"Zöldség, Gyümölcs";750;2016-09-29 04:00:00
4357101;"Piros horgászjáték";"Szabadtéri játékok";429;2016-09-29 06:00:00
4357201;"Piros pedálos tricikli, szülõkarral";"Közlekedési játékok";5690;2016-09-29 08:00:00
4357301;"Piros szív alakú lufi csomag, 100 darabos";"Party kellék";1890;2016-09-29 10:00:00
4357401;"PK, 3D MATRICA SZEMÜVEGGEL, GYORSULÁS";"Kreatív játékok";555;2016-09-29 12:00:00
4357501;"PLAYBOX, GYÖNGYKÉP FIGURÁK, 2000 DB, A-K";"Kreatív játékok";2190;2016-09-29 14:00:00
4357601;"Pókember fehér labda, 23 cm";"Labda";629;2016-09-29 16:00:00
4357701;"Pókember homokozó készlet";"Szabadtéri játékok";849;2016-09-29 18:00:00
4357801;"Pókember kék labda, 23 cm";"Labda";629;2016-09-29 20:00:00
4359101;"Pókember labda, 10 cm";"Labda";469;2016-09-29 22:00:00
4359201;"Pókember labda, 15 cm";"Labda";509;2016-09-30 00:00:00
4364701;"Pókember labda, 6 cm";"Labda";299;2016-09-30 02:00:00
4367401;"POMESTEEN POWER  Gyümölcskoncentrátum C vitaminnal Étrend-kiegészítõ";"FLP Étrend kiegészítõk";9549;2016-09-30 04:00:00
4368201;"Pónis hintaló üléssel, hanggal";"Bébijátékok";12990;2016-09-30 06:00:00
4368301;"PREDASAURS TÖRZS SZETT - DZSUNGEL";"Kreatív játékok";3490;2016-09-30 08:00:00
4369101;"professzionális metszõolló P90";"Kerti szerszámok";9990;2016-09-30 10:00:00
4369201;"Pumpa, kézi";"Otthon, egyéb";2490;2016-09-30 12:00:00
4369301;"Puzz3D Empire state building";"Játék";3194;2016-09-30 14:00:00
4369401;"PUZZLE DF PLUS 108 db-os JURASSIK PARK Ankylosaurus";"Kreatív játékok";1290;2016-09-30 16:00:00
4369501;"Queen Anne's Revenge";"Kreatív játékok";6990;2016-09-30 18:00:00
4369601;"Rák alakú homokozó";"Szabadtéri játékok";6690;2016-09-30 20:00:00
4369701;"Range Rover elektromos autó gyerekeknek";"Autó,Jármû";94990;2016-09-30 22:00:00
4369801;"Range Rover elektromos autó gyerekeknek";"Autó,Jármû";109990;2016-10-01 00:00:00
4369901;"Range Rover elektromos autó gyerekeknek";"Autó,Jármû";109990;2016-10-01 02:00:00
4370001;"rávágó metszõolló P25";"Kerti szerszámok";3790;2016-10-01 04:00:00
4370101;"RC Hajó, High Speed";"Autó,Jármû";9990;2016-10-01 06:00:00
4370201;"RC Hajó, High Speed";"Autó,Jármû";9990;2016-10-01 08:00:00
4370301;"Reggelizõ konyhai játékszett, 17 darabos";"Játék lányoknak";1390;2016-10-01 10:00:00
4370401;"RELAXATION BATH SALTS";"FLP Kozmetikai termékek";7137;2016-10-01 12:00:00
4911301;"RELAXATION MASSAGE LOTION";"FLP Kozmetikai termékek";6683;2016-10-01 14:00:00
4911401;"RELAXATION SHOWER GEL";"FLP Kozmetikai termékek";5905;2016-10-01 16:00:00
4911501;"Repcsik ? 1 dbos kilõhetõ repülõ szett bliszteres";"Játék fiúknak";599;2016-10-01 18:00:00
4911601;"Repcsik ? 2 dbos kilõhetõ repülõ szett";"Játék fiúknak";849;2016-10-01 20:00:00
4911701;"Repcsik ? exkluzív kilövõ szett 1 db repülõvel";"Játék fiúknak";1690;2016-10-01 22:00:00
4911801;"Rinatura Bio Grissini mit olivenöl 125g";"Sós kekszek";550;2016-10-02 00:00:00
4912201;"Rinatura Bio Haselnuss-waffeln 175g";"Édes kekszek";890;2016-10-02 02:00:00
4912301;"Rinatura Bio Honig-waffeln 175g";"Édes kekszek";890;2016-10-02 04:00:00
4912401;"Rinatura Bio MiniReiswaffeln schoko 60g";"Kenyerek, kenyérfélék";590;2016-10-02 06:00:00
4912501;"Rinatura Bio Reiswaffeln 100g";"Rizsek";290;2016-10-02 08:00:00
4912601;"RIO PATIO rattan balkon szett";"Kerti bútorok";38989;2016-10-02 10:00:00
4912701;"Robodrone";"Játék fiúknak";24990;2016-10-02 12:00:00
4912801;"Robot Beetle elektronikus játék";"Fejlesztõ játékok";13990;2016-10-02 14:00:00
4912901;"Robotkar készlet 3 in 1 elektronikus játék";"Autó,Jármû";10990;2016-10-02 16:00:00
4913301;"Robotkar készlet elektronikus játék";"Fejlesztõ játékok";13990;2016-10-02 18:00:00
4926301;"Rocky Mountain marshmallow fruit 150g";"Cukorka, rágógumi";590;2016-10-02 20:00:00
4926401;"Rocky Mountain marshmallows fehér 150g";"Cukorka, rágógumi";590;2016-10-02 22:00:00
4926501;"Rocky Mountain mini marshmallows 150g";"Cukorka, rágógumi";590;2016-10-03 00:00:00
4926601;"Rolly Kid-X pedálos traktor utánfutóval";"Közlekedési játékok";20990;2016-10-03 02:00:00
4926701;"Rolly Kid-X pedálos traktor utánfutóval";"Közlekedési játékok";20990;2016-10-03 04:00:00
4926801;"Rolly Kormánykerék hanggal";"Fejlesztõ játékok";4990;2016-10-03 06:00:00
4926901;"Rolly Sárga lombseprû, 77 cm";"Fejlesztõ játékok";599;2016-10-03 08:00:00
4927001;"ROMA több pozíciós napozóágy";"Kerti bútorok";14272;2016-10-03 10:00:00
4927601;"ROYAL BEE JELLY Méhpempõ tartalmú rágótabletta cukorral és édesítõvel";"FLP Étrend kiegészítõk";11890;2016-10-03 12:00:00
4927901;"Rózsaszín pedálos tricikli, szülõkarral";"Közlekedési játékok";5690;2016-10-03 14:00:00
4928001;"Rózsaszín rongybaba, 40 cm";"Játék lányoknak";1790;2016-10-03 16:00:00
4928301;"Rózsaszín szív alakú lufi csomag, 100 darabos";"Party kellék";1890;2016-10-03 18:00:00
4928401;"ROZSDAMENTES TERMOSZ 1L - MAGNUM";"Edények,Evõeszközök, Poharak";2262;2016-10-03 20:00:00
4928501;"Rubicon Gránátalma juice 1l";"Gyümölcslevek";699;2016-10-03 22:00:00
4928601;"Rustichella Alberelli tris 500g";"Tészták";1690;2016-10-04 00:00:00
4928701;"Sagrada Familia (Spain)";"Kreatív játékok";2890;2016-10-04 02:00:00
4928801;"Samsung Galaxy J1 DS Black";"Mobiltelefonok";34990;2016-10-04 04:00:00
4929401;"Samsung Galaxy Tab A 9.7 LTE T555 Black";"Mobiltelefonok";109990;2016-10-04 06:00:00
4929501;"San Felipe";"Kreatív játékok";6990;2016-10-04 08:00:00
4929601;"Santa Carolina Cellar Selection Cabernet Sauvignon 2013 (0,75 l)";"Fehér borok";1490;2016-10-04 10:00:00
4929701;"Santa Carolina Cellar Selection Rosé 2014 (0,75 l)";"Rosé borok";1490;2016-10-04 12:00:00
4933901;"Santa Carolina Cellar Selection Sauvignon Blanc 2014 (0,75 l)";"Fehér borok";1490;2016-10-04 14:00:00
4934001;"Santorini";"Kreatív játékok";3690;2016-10-04 16:00:00
4934101;"Sárga horgászjáték";"Szabadtéri játékok";429;2016-10-04 18:00:00
4934201;"Sárga lufi csomag, 100 darabos";"Party kellék";1490;2016-10-04 20:00:00
4934301;"Sárga ugráló labda, 45 cm";"Labda";1590;2016-10-04 22:00:00
4938201;"Saturn V-Holdrakéta";"Kreatív játékok";2790;2016-10-05 00:00:00
4938301;"Sauska ""11"" 2008";"Sauska Pincészet";4580;2016-10-05 02:00:00
4938401;"Sauvignon Blanc";"Fehér borok";1400;2016-10-05 04:00:00
4939601;"Scooby Doo labda, 23 cm";"Labda";519;2016-10-05 06:00:00
4939701;"Scooby Doo sötétzöld labda, 23 cm";"Labda";519;2016-10-05 08:00:00
4940401;"Sebestyén Bikavér 2007";"Sebestyén Csaba";3070;2016-10-05 10:00:00
4940501;"Sebestyén Grádus 2007";"Sebestyén Csaba";6480;2016-10-05 12:00:00
4940601;"Sebestyén ICZE 2009";"Sebestyén Csaba";1620;2016-10-05 14:00:00
4940701;"Sebestyén INDIGÓ Zweigelt 2009";"Sebestyén Csaba";2350;2016-10-05 16:00:00
4940801;"Sebestyén Kékfrankos Válogatás 2007";"Sebestyén Csaba";2600;2016-10-05 18:00:00
4940901;"Sencor  rádióSRD 210 BGN";"Hordozható kisrádiók";3990;2016-10-05 20:00:00
4941001;"Sencor Element 7v3 Tablet";"Mûszaki";12900;2016-10-05 22:00:00
4941101;"Sencor SHB 4110WH Botmixer";"Konyhagép";4449;2016-10-06 00:00:00
4941201;"Sencor SHB 4310 Aprító";"Konyhagép";4649;2016-10-06 02:00:00
4941301;"Sencor SKS 4001WH Tálas konyhai mérleg";"Konyhagép";2949;2016-10-06 04:00:00
4941401;"Sencor SMR 130 walkie-talkie";"Walkie-talkie";7990;2016-10-06 06:00:00
4941501;"Serpenyõ 20 cm, szürke, Marble  Line";"Edények,Evõeszközök, Poharak";1990;2016-10-06 08:00:00
4941601;"SES Explore Kristályok";"Játék";1849;2016-10-06 10:00:00
4941701;"SES Explore Ujjlenyomat szett";"Játék";1290;2016-10-06 12:00:00
4941801;"Silver Spoon Orange Drops 100g";"Díszítõk";650;2016-10-06 14:00:00
4941901;"Simonsig Kaapse Vonkel Brut 2012 (0,75 l)";"Pezsgõk";4130;2016-10-06 16:00:00
4942001;"Simonsig Kaapse Vonkel Rosé 2013 (0,75 l)";"Pezsgõk";4130;2016-10-06 18:00:00
4942101;"SINGLESTEP sövénynyíró olló";"Kerti szerszámok";7490;2016-10-06 20:00:00
4945101;"Skippy Smooth Peanut butter 340g";"Csokoládékrémek";1790;2016-10-06 22:00:00
4945201;"SMALL PLANTER virágtartó, mûrattan (kicsi)";"Kerti bútorok";3331;2016-10-07 00:00:00
4945301;"Smart elektromos konyhai játék mixer";"Játék lányoknak";4390;2016-10-07 02:00:00
4945401;"Smart játék vasaló, kék világítással";"Játék lányoknak";2290;2016-10-07 04:00:00
4945501;"Smart Trike tolókaros tricikli, narancssarga";"Közlekedési játékok";6290;2016-10-07 06:00:00
4945601;"SmartFit Teleszkópos sövénynyíró HS86";"Kerti szerszámok";15990;2016-10-07 08:00:00
4945701;"Sodastream Narancs light Steviával (500 ml)";"Szirupok, szörpök";1490;2016-10-07 10:00:00
4945801;"Solus 2007";"Gere Attila";12920;2016-10-07 12:00:00
4945901;"Sony ALCSH129DI.EU";"Objektívek";0;2016-10-07 14:00:00
4946001;"Sony Xperia E4g E2003 Black";"Mobiltelefonok";49990;2016-10-07 16:00:00
4946101;"SONY_10DMR47SS";"DVD lemez";2690;2016-10-07 18:00:00
4946201;"Soundd sztereó kihangosító";"Mûszaki";3175;2016-10-07 20:00:00
4946301;"Sötétbarna hintaló, 60 cm";"Bébijátékok";8690;2016-10-07 22:00:00
4946401;"sövénynyíró olló, fogaskerekes HS92";"Kerti szerszámok";15990;2016-10-08 00:00:00
4946501;"Spirit serpenyõ 26 cm";"Konyha";2537;2016-10-08 02:00:00
4947101;"Spongya Bob labda, 15 cm";"Labda";509;2016-10-08 04:00:00
4947201;"Spongya Bob labda, 23 cm";"Labda";629;2016-10-08 06:00:00
4947301;"Sriracha Chilli Sauce Ginger 455ml";"Szószok, öntetek";1490;2016-10-08 08:00:00
4947401;"Sriracha thai citromfüves chilli 455ml";"Szószok, öntetek";1490;2016-10-08 10:00:00
4947501;"St. Andrea Áldás 2009 (Egri Bikavér)";"St. Andrea / Lõrincz György";3170;2016-10-08 12:00:00
4947601;"St. Andrea Napbor 2011";"St. Andrea / Lõrincz György";2310;2016-10-08 14:00:00
4947701;"St. Andrea Pinot Noir 2009";"St. Andrea / Lõrincz György";2750;2016-10-08 16:00:00
4947801;"St.Patrick's Cathedral";"Kreatív játékok";2890;2016-10-08 18:00:00
4947901;"St.Paul's Cathedral";"Kreatív játékok";2890;2016-10-08 20:00:00
4948001;"Stanley Multitool 12 in 1";"Barkács";3965;2016-10-08 22:00:00
4948101;"Stanley trapéz kés + pengék";"Kéziszerszámok";5990;2016-10-09 00:00:00
4948201;"STAR WARS FEJEK";"Kreatív játékok";349;2016-10-09 02:00:00
4948301;"STAR WARS JÁTÉKSZETT BLISZTEREN";"Kreatív játékok";899;2016-10-09 04:00:00
4948401;"STAR WARS KINCSESLÁDA";"Kreatív játékok";1690;2016-10-09 06:00:00
4948501;"Star Wars labda, 15 cm";"Labda";509;2016-10-09 08:00:00
4948601;"Star Wars labda, 23 cm";"Labda";629;2016-10-09 10:00:00
4948701;"Stellenrust Chenin Blanc 2014 (0,75 l)";"Fehér borok";2515;2016-10-09 12:00:00
4948801;"Stellenrust Pinotage 2013 (0,75 l)";"Vörösborok";2830;2016-10-09 14:00:00
4948901;"Stellenrust Shiraz 2013 (0,75 l)";"Vörösborok";2975;2016-10-09 16:00:00
4949001;"Stencil készlet ceruzával kék 059";"Kreatív játékok";3490;2016-10-09 18:00:00
4949101;"Stencil készlet ceruzával pink 066";"Kreatív játékok";3490;2016-10-09 20:00:00
4949201;"Stereo fülhallgató 3,5 mm-es jack dugóval";"Fülhallgató";590;2016-10-09 22:00:00
4949301;"Sukhol SU-35 bombázó";"Kreatív játékok";1190;2016-10-10 00:00:00
4949401;"Sun Clad Shinode Sushi Rizs Olasz 1kg";"Rizsek";990;2016-10-10 02:00:00
4949501;"Sun-Pat Mogyoróvaj darabos 227g";"Csokoládékrémek";1190;2016-10-10 04:00:00
4949601;"Superman labda, 23 cm";"Labda";519;2016-10-10 06:00:00
4949701;"Swiss Army Berry Mints 14g";"Cukorka, rágógumi";499;2016-10-10 08:00:00
4949801;"Swiss Army Dark Choc. Caff.&Guarana 50g";"Cukorka, rágógumi";499;2016-10-10 10:00:00
4949901;"Swiss Army fém díszdoboz 6tábla csokihoz";"Cukorka, rágógumi";590;2016-10-10 12:00:00
4950001;"Swiss Army Milk Choc. Caff.&Guarana 50g";"Cukorka, rágógumi";499;2016-10-10 14:00:00
4950101;"Swiss Army White Choc. Coconut 50g.";"Cukorka, rágógumi";499;2016-10-10 16:00:00
4950201;"Swiss Navy Grape Mints 14g";"Cukorka, rágógumi";499;2016-10-10 18:00:00
4950301;"Swiss Navy Strong Mints 14g";"Cukorka, rágógumi";499;2016-10-10 20:00:00
4950401;"Szállítás";"Culinaris válogatás";550;2016-10-10 22:00:00
4950501;"Szarvas ugráló figura";"Szabadtéri játékok";4690;2016-10-11 00:00:00
4950601;"Személyautó trélerrel";"Játék";2361;2016-10-11 02:00:00
4950701;"Szemes Merlot 2008";"Szemes József";2750;2016-10-11 04:00:00
4950801;"Szent Ilona Furmint 2009";"Kreinbacher Birtok";1710;2016-10-11 06:00:00
4950901;"Szent Ilona Olaszrizling 2007";"Kreinbacher Birtok";1710;2016-10-11 08:00:00
4951001;"Szeremley Badacsonyi Rizling 2013 (0,75 l)";"Fehér borok";1790;2016-10-11 10:00:00
4951101;"Szerpentin pisztoly mini hatlövetû +1pat";"Szabadtéri játékok";399;2016-10-11 12:00:00
4951201;"Szerpentin utántöltõ 2 patron";"Szabadtéri játékok";299;2016-10-11 14:00:00
4951301;"Szilikon sütõ szett (4 darabos) LT3017";"Konyha";2540;2016-10-11 16:00:00
4951401;"Színes gyöngy ékszerkészítõ készlet";"Fejlesztõ játékok";1290;2016-10-11 18:00:00
4951501;"Szivacs puzzle hableány,tündér,hercegnõ 325";"Kreatív játékok";3490;2016-10-11 20:00:00
4951601;"Szivacs puzzle jármûvek 332";"Kreatív játékok";3490;2016-10-11 22:00:00
4951701;"Szívószálas pohár";"Gyermek egyéb";508;2016-10-12 00:00:00
4951801;"Szülinapi lufi csomag, 10 darabos";"Party kellék";319;2016-10-12 02:00:00
4951901;"Szülinapi lufi csomag, 3 darabos";"Party kellék";299;2016-10-12 04:00:00
4952001;"T4K, COLOR N GLOW UTÁNTÖLTÕ";"Kreatív játékok";1990;2016-10-12 06:00:00
4952101;"TAGAMOTO Kis szett";"Kreatív játékok";5990;2016-10-12 08:00:00
4952201;"TAGAMOTO Nagy szett";"Kreatív játékok";11990;2016-10-12 10:00:00
4952301;"Taika fém doboz 280x178x130mm kék";"Edények,Evõeszközök, Poharak";5990;2016-10-12 12:00:00
4952401;"Taj Mahal";"Kreatív játékok";2890;2016-10-12 14:00:00
4952501;"Takler Bartina 2006";"Takler Pince";6480;2016-10-12 16:00:00
4952601;"Takler Bikavér Reserve 2007";"Takler Pince";4140;2016-10-12 18:00:00
4952701;"Takler Cabernet Franc 2008";"Takler Pince";2560;2016-10-12 20:00:00
4952801;"Takler Kadarka 2009";"Takler Pince";2800;2016-10-12 22:00:00
4952901;"Takler Kadarka Siller 2010";"Takler Pince";1710;2016-10-13 00:00:00
4953001;"Takler Kékfrankos 2009";"Takler Pince";1660;2016-10-13 02:00:00
4953101;"Takler Kékfrankos Reserve 2007";"Takler Pince";5360;2016-10-13 04:00:00
4953201;"Takler Merlot 2008";"Takler Pince";2560;2016-10-13 06:00:00
4953301;"Takler Pinot Noir 2009";"Takler Pince";2430;2016-10-13 08:00:00
4953401;"Takler Pinot Noir Rosé 2011 (korlátozott)";"Takler Pince";1580;2016-10-13 10:00:00
4953501;"Takler Rosé 2010";"Takler Pince";1580;2016-10-13 12:00:00
4953601;"Takler Syrah 2009";"Takler Pince";2800;2016-10-13 14:00:00
4953701;"Talkies játéktelefon Kék";"Játék lányoknak";2290;2016-10-13 16:00:00
4953801;"Talkies játéktelefon Rózsaszín";"Játék lányoknak";2290;2016-10-13 18:00:00
4953901;"Tányér 27cm fehér";"Edények,Evõeszközök, Poharak";9990;2016-10-13 20:00:00
4954001;"Tartályos vizipisztoly, 14 cm";"Szabadtéri játékok";249;2016-10-13 22:00:00
4954101;"Teamsterz Multi Loop autópálya";"Autó,Jármû";4390;2016-10-14 00:00:00
4954201;"Teamsterz Revolution autópálya";"Autó,Jármû";2390;2016-10-14 02:00:00
4954301;"Teamsterz traktor és pótkocsi";"Autó,Jármû";2790;2016-10-14 04:00:00
4954401;"Teamsterz Twin Turbo versenypálya";"Autó,Jármû";8690;2016-10-14 06:00:00
4954501;"TEÁSKANNA 3 L-ES  - FERGUSON";"Edények,Evõeszközök, Poharak";4977;2016-10-14 08:00:00
4954601;"TEÁSKANNA 3,5 L-ES  - LENART";"Edények,Evõeszközök, Poharak";4745;2016-10-14 10:00:00
4954701;"Tefal Comfort Touch serpenyõ";"Konyha";3070;2016-10-14 12:00:00
4954801;"TÉGLALAP ALAKÚ HÕÁLLÓ SÜTÕTÁL FEDÕVEL 5,2L - -";"Edények,Evõeszközök, Poharak";1535;2016-10-14 14:00:00
4954901;"Teifoc mini tégla építõjáték - Istálló";"Játék";2159;2016-10-14 16:00:00
4955001;"Teifoc mini tégla építõjáték - Malacka lak";"Játék";2159;2016-10-14 18:00:00
4955101;"Teknõs homokozó, fedéllel";"Szabadtéri játékok";11990;2016-10-14 20:00:00
4955201;"Tengeri állatos játékkészlet";"Játék fiúknak";469;2016-10-14 22:00:00
4955301;"Térd és könyökvédõ S,M,L";"Torol";1934;2016-10-15 00:00:00
4955601;"Térd-könyök-csuklóvédõ szett, M";"Torol";1603;2016-10-15 02:00:00
4955701;"Termosz - 1,5 l LT 4010";"Konyha";2705;2016-10-15 04:00:00
4955801;"TERMOSZ 0,5L 4 SZÍNBEN - POCISK";"Edények,Evõeszközök, Poharak";1562;2016-10-15 06:00:00
4955901;"TERMOSZ 0,75L 4 SZÍNBEN - POCISK";"Edények,Evõeszközök, Poharak";1976;2016-10-15 08:00:00
4956001;"TERMOSZ 1L 4 SZÍNBEN - POCISK";"Edények,Evõeszközök, Poharak";2457;2016-10-15 10:00:00
4956101;"The Queen Anne's Revenge";"Kreatív játékok";3590;2016-10-15 12:00:00
4956201;"The Temple of Heaven";"Kreatív játékok";2890;2016-10-15 14:00:00
4956301;"THERM";"FLP Étrend kiegészítõk";10843;2016-10-15 16:00:00
4956401;"THINKFUN, GURÍTS ÉS JÁTSSZ";"Társasjátékok";4615;2016-10-15 18:00:00
4956501;"THINKFUN, KAJACSATA TÁRSASJÁTÉK";"Társasjátékok";4990;2016-10-15 20:00:00
4956601;"THINKFUN, S'MATCH ÚJ";"Társasjátékok";5390;2016-10-15 22:00:00
4956701;"THINKFUN, ZINGO HÁNY ÓRA?";"Társasjátékok";4990;2016-10-16 00:00:00
4956801;"THINKFUN, ZINGO TÁRSASJÁTÉK";"Társasjátékok";4990;2016-10-16 02:00:00
4956901;"THINKFUN, ZINGO TÁRSASJÁTÉK ANGOL NYELVÛ VERZIÓ";"Társasjátékok";4990;2016-10-16 04:00:00
4957001;"THINKFUN, ZINGO! 1-2-3";"Társasjátékok";4990;2016-10-16 06:00:00
4957101;"THOMSON HED 221N TARKÓPÁNTOS FEJHALLGATÓ";"Fejhallgatók";2190;2016-10-16 08:00:00
4957201;"Thummerer Egri Chardonnay battonage 2013 (0,75 l)";"Fehér borok";2960;2016-10-16 10:00:00
4957301;"Thummerer Egri Október végén Olaszrizling félédes 2008 (0,75 l)";"Fehér borok";3440;2016-10-16 12:00:00
4957401;"Thursday C. Apricot jam 340g";"Lekvárok";1190;2016-10-16 14:00:00
4957501;"Tiffán Villányi Cuvée Carissimae 2009 (0,75 l)";"Vörösborok";8195;2016-10-16 16:00:00
4957601;"Tiffán Villányi Portugieser 2014 (0,75 l)";"Vörösborok";1735;2016-10-16 18:00:00
4957701;"Tiffán Villányi Rosé 2013";"Rosé borok";1735;2016-10-16 20:00:00
4957801;"Tini Ninja Teknõcök labda, 23 cm";"Labda";629;2016-10-16 22:00:00
4957901;"TISARA magastámlás karosszék";"Kerti bútorok";7118;2016-10-17 00:00:00
4958001;"TISARA magastámlás karosszék";"Kerti bútorok";7118;2016-10-17 02:00:00
4958101;"Tonka  Rendõrállomás";"Autó,Jármû";4290;2016-10-17 04:00:00
4958901;"Torta dekoráló 10 db-os";"Konyha";1588;2016-10-17 06:00:00
4959001;"Tower Bridge";"Kreatív játékok";2890;2016-10-17 08:00:00
4959101;"Többszínû lufi csomag, 100 darabos";"Party kellék";1690;2016-10-17 10:00:00
4959201;"Trapiche Oak Cask Range Chardonnay 2012 (0,75 l)";"Fehér borok";1915;2016-10-17 12:00:00
4959301;"Trapiche Oak Cask Range Malbec 2013 (0,75 l)";"Vörösborok";1915;2016-10-17 14:00:00
4959401;"Trapiche Oak Cask Range Syrah 2012 (0,75 l)";"Vörösborok";1915;2016-10-17 16:00:00
4959501;"Trash Pack Járgányok ? 2 dbos szett";"Autó,Jármû";849;2016-10-17 18:00:00
4959601;"Trash Pack Kártyagyûjtõ album 1csomag kártyával és egy dobókockával";"Játék fiúknak";249;2016-10-17 20:00:00
4959701;"Tréler és Traktor 1:87";"Játék";2424;2016-10-17 22:00:00
4961101;"Trió 2007";"Takler Pince";2100;2016-10-18 00:00:00
4961201;"Tündéres gyermek játszósátor alagúttal";"Szabadtéri játékok";5290;2016-10-18 02:00:00
4961301;"Tûzkõ Birtok Bátaapáti Domb Cuvée 2007 (0,75 l)";"Vörösborok";5220;2016-10-18 04:00:00
4961401;"Tûzkõ Birtok Bátaapáti Grüner Veltliner 2014 (0,75 l)";"Fehér borok";1315;2016-10-18 06:00:00
4961501;"Two-Masted Schooner";"Kreatív játékok";1890;2016-10-18 08:00:00
4961601;"UEFA Euro 2012 labda";"Labda";589;2016-10-18 10:00:00
4961701;"Ugrálólabda Disney Hercegnõk mintával, 45 cm";"Labda";2990;2016-10-18 12:00:00
4961801;"Ugrálólabda Disney Jégvarázs mintával, 45 cm";"Disney termékek";2190;2016-10-18 14:00:00
4961901;"Ugrálólabda Disney Verdák mintával, 45 cm";"Labda";2190;2016-10-18 16:00:00
4962001;"Ugrálólabda Mickey Mouse Clubhouse mintával";"Labda";2990;2016-10-18 18:00:00
4962101;"Ugrálólabda Pókember mintával, 45 cm";"Labda";2190;2016-10-18 20:00:00
4962201;"Unirice Basmati rizs 1kg";"Rizsek";1290;2016-10-18 22:00:00
4962301;"Unirice Pandan illatos rizs 1kg";"Rizsek";990;2016-10-19 00:00:00
4962401;"Úthenger";"Játék";3890;2016-10-19 02:00:00
4962501;"Üvegváza négyszögletes - lila színû";"Dekor, Ajándék";392;2016-10-19 04:00:00
4962601;"Üvegváza négyszögletes - piros színû";"Dekor, Ajándék";384;2016-10-19 06:00:00
4962701;"Vajdahunyad Castle-Vajdahunyad vára";"Kreatív játékok";3990;2016-10-19 08:00:00
4962801;"Vegyes lufi, 6 darabos";"Party kellék";179;2016-10-19 10:00:00
4962901;"Vegyes szív alakú lufi csomag, 10 darabos";"Party kellék";239;2016-10-19 12:00:00
4963001;"Vegyes szív alakú lufi csomag, 100 darabos";"Party kellék";1890;2016-10-19 14:00:00
4963101;"Velence";"Kreatív játékok";4490;2016-10-19 16:00:00
4963201;"VENETIA magastámlás karosszék";"Kerti bútorok";2972;2016-10-19 18:00:00
4964901;"Versenyautós bébitaxi, kék";"Közlekedési játékok";10990;2016-10-19 20:00:00
4965001;"Versenyautós bébitaxi, piros";"Közlekedési játékok";10990;2016-10-19 22:00:00
4965101;"Vesztergombi Csaba Cuvée 2006";"Vesztergombi Pince";6480;2016-10-20 00:00:00
4965201;"Vesztergombi Szekszárdi Cabernet Franc 2011 (0,75 l)";"Vörösborok";21755;2016-10-20 02:00:00
4965301;"Vida Szekszárdi Bikavér 2012 (0,75 l)";"Vörösborok";2915;2016-10-20 04:00:00
4965401;"Világoskék lufi csomag, 100 darabos";"Party kellék";1490;2016-10-20 06:00:00
4965501;"Violetta #108";"Kreatív játékok";1190;2016-10-20 08:00:00
4965601;"Violetta #250";"Kreatív játékok";1190;2016-10-20 10:00:00
4965701;"VIOLETTA Kreatív szett";"Kreatív játékok";2990;2016-10-20 12:00:00
4965801;"VIOLETTA Kreatív szett gyöngyfûzõ";"Kreatív játékok";2990;2016-10-20 14:00:00
4965901;"Violetta Maxi#108";"Kreatív játékok";1890;2016-10-20 16:00:00
4966001;"Violetta Maxi#108";"Kreatív játékok";1890;2016-10-20 18:00:00
4966101;"Violetta Maxi#108";"Kreatív játékok";1890;2016-10-20 20:00:00
4966201;"Violetta Maxi#150";"Kreatív játékok";1890;2016-10-20 22:00:00
4966301;"Violetta Maxi#150";"Kreatív játékok";1890;2016-10-21 00:00:00
4967501;"VIOLETTA Textil Kreációk";"Kreatív játékok";2990;2016-10-21 02:00:00
4967601;"Virág Varázs gyurmakészlet, 19 darabos";"Fejlesztõ játékok";989;2016-10-21 04:00:00
4967701;"VISION Feketeáfonya kivonatot, vitaminokat és ásványi anyagokat tart.";"FLP Étrend kiegészítõk";7041;2016-10-21 06:00:00
4967801;"Vita Coco 100% coconut water 1l";"Szénsavas italok";1690;2016-10-21 08:00:00
4967901;"VITOLIZE MENS  Növényi kivonatokat, vitaminokat és ásványi anyagokat tart.";"FLP Étrend kiegészítõk";9336;2016-10-21 10:00:00
4968001;"VITOLIZE WOMENS   Növényi és ásványi anyagokat, vitaminokat tartalmaz";"FLP Étrend kiegészítõk";9886;2016-10-21 12:00:00
5056201;"VOLUME CONDITIONER";"FLP Kozmetikai termékek";6268;2016-10-21 14:00:00
5056301;"VOLUME SHAMPOO";"FLP Kozmetikai termékek";6268;2016-10-21 16:00:00
5056401;"Voyager Space P. ûrszonda";"Kreatív játékok";2790;2016-10-21 18:00:00
5056601;"Vylyan Villányi Cabernet Franc 2011 (0,75 l)";"Vörösborok";3665;2016-10-21 20:00:00
5056701;"WELLINGTON ovális étkezõ asztal";"Kerti bútorok";24681;2016-10-21 22:00:00
5056801;"Welly Dodge RAM Quad Cab 1500 Sport bordó kisautó, 1:60-64";"Autó,Jármû";509;2016-10-22 00:00:00
5056901;"WessexM Gluténmentes liszt 1,5kg";"Lisztek";1590;2016-10-22 02:00:00
5057001;"Westminster Abbey (UK)";"Kreatív játékok";2890;2016-10-22 04:00:00
5057101;"Willie's Chulucanas Cacao 50g";"Édességek";699;2016-10-22 06:00:00
5057201;"WORD WINDER";"Kreatív játékok";5990;2016-10-22 08:00:00
5057301;"WOW, AMY, A MOTOROS";"Autó,Jármû";3990;2016-10-22 10:00:00
5057401;"x";"Elemek";339;2016-10-22 12:00:00
5057501;"XSHOT HYDRO 3  3 az 1ben ""BLASTER"" vízipisztoly";"Szabadtéri játékok";1690;2016-10-22 14:00:00
5057701;"XSHOT HYDRO 3  3 az 1ben ""MAXX"" vízipisztoly";"Szabadtéri játékok";2190;2016-10-22 16:00:00
5057801;"Xtract barkács fûrész SW72";"Kerti szerszámok";6990;2016-10-22 18:00:00
5057901;"Xtract kerti fûrész, kicsi SW73";"Kerti szerszámok";6990;2016-10-22 20:00:00
5058001;"Zanussi játék mosógép";"Játék lányoknak";4990;2016-10-22 22:00:00
5058101;"Zanussi játék szendvics és gofrisütõ";"Játék lányoknak";4690;2016-10-23 00:00:00
5058201;"Zanussi játék vízforraló";"Játék lányoknak";2490;2016-10-23 02:00:00
5062301;"Zebrás hintaló, hanggal";"Bébijátékok";14990;2016-10-23 04:00:00
5122301;"ZOMÁNCOZOTT TEASKANNA 2,2L INDUKCIÓS ALJJAL BROWN - MERVE";"Edények,Evõeszközök, Poharak";4058;2016-10-23 06:00:00
5137001;"ZOMBIE ZITY HORDÓ";"Kreatív játékok";1190;2016-10-23 08:00:00
5246301;"Zöld lufi csomag, 100 darabos";"Party kellék";1490;2016-10-23 10:00:00
5246401;"Zöld pedálos tricikli, szülõkarral";"Közlekedési játékok";5690;2016-10-23 12:00:00
