"Id";"Name";"CategoryName";"Value"
4201;"Légli '333' 2011 (az év 333. napjától)";"Dél-Balaton";1340
4301;"Légli Blanc 2010";"Légli Ottó";1340
4501;"Légli Lugas 2009";"Légli Ottó";1940
4601;"Légli Chardonnay 2011 (márciustól)";"Légli Ottó";2590
4701;"Konyári Merlot-Kékfrankos 2009";"Konyári János";1340
4801;"Konyári Cabernet Sauvignon 2008";"Konyári János";2070
4901;"Konyári  Kékfrankos 2009";"Konyári János";2920
5001;"Ikon Chardonnay 2011";"Ikon Pincészet";1340
5101;"Ikon Rosé 2011 (decembertõl)";"Ikon Pincészet";1340
5201;"Ikon Kékfrankos 2011";"Ikon Pincészet";1340
5301;"Ikon Merlot 2009";"Ikon Pincészet";1340
10201;"Nyakas Budai Sauvignon Blanc 2010";"Nyakas Pince";1940
10301;"Szent Ilona Olaszrizling 2007";"Kreinbacher Birtok";1710
10401;"Szent Ilona Furmint 2009";"Kreinbacher Birtok";1710
11901;"Dúzsi Marci 2011";"Dúzsi Tamás";1270
12001;"Dúzsi Új Rosé 2011";"Dúzsi Tamás";1510
12101;"Dúzsi Leányvári Kékfrankos 2008";"Dúzsi Tamás";1530
12201;"Dúzsi Szegzárdi Merlot 2008";"Dúzsi Tamás";2680
12301;"Dúzsi Szegzárdi Kadarka 2008";"Dúzsi Tamás";2680
12401;"Dúzsi Szegzárdi Ó Vörös 2007";"Dúzsi Tamás";2680
12501;"Dúzsi Pinot Noir 2007";"Dúzsi Tamás";3660
12601;"Dúzsi Szegzárdi Syrah 2009";"Dúzsi Tamás";3660
13301;"Heimann Borunkissza 2008";"Heimann Pince";1220
13401;"Sebestyén ICZE 2009";"Sebestyén Csaba";1620
13501;"Sebestyén INDIGÓ Zweigelt 2009";"Sebestyén Csaba";2350
13601;"Sebestyén Kékfrankos Válogatás 2007";"Sebestyén Csaba";2600
13701;"Sebestyén Bikavér 2007";"Sebestyén Csaba";3070
13801;"Sebestyén Grádus 2007";"Sebestyén Csaba";6480
13901;"Takler Rosé 2010";"Takler Pince";1580
14001;"Takler Pinot Noir Rosé 2011 (korlátozott)";"Takler Pince";1580
14101;"Takler Kadarka Siller 2010";"Takler Pince";1710
14201;"Takler Kékfrankos 2009";"Takler Pince";1660
14301;"Trió 2007";"Takler Pince";2100
14401;"Takler Pinot Noir 2009";"Takler Pince";2430
14501;"Takler Cabernet Franc 2008";"Takler Pince";2560
14601;"Takler Merlot 2008";"Takler Pince";2560
14701;"Takler Syrah 2009";"Takler Pince";2800
14801;"Takler Kadarka 2009";"Takler Pince";2800
14901;"Takler Bikavér Reserve 2007";"Takler Pince";4140
15001;"Takler Kékfrankos Reserve 2007";"Takler Pince";5360
15101;"Takler Bartina 2006";"Takler Pince";6480
15901;"Vesztergombi Csaba Cuvée 2006";"Vesztergombi Pince";6480
16001;"Lisicza Sauvignon Blanc 2011";"Lisicza Borház";2070
16101;"Günzer Rosé 2011";"Günzer Zoltán";1540
16201;"Günzer Portugieser 2010";"Günzer Zoltán";1620
16301;"Günzer Villányi 2008";"Günzer Zoltán";1970
16401;"Günzer Cabernet Sauvignon 2008";"Günzer Zoltán";2430
16501;"Günzer Cabernet Franc 2008";"Günzer Zoltán";3050
16601;"Mayer Rosé 2011";"Mayer Márton";1660
17501;"Szemes Merlot 2008";"Szemes József";2750
17601;"Gere Olaszrizling 2010";"Gere Attila";1590
17701;"Gere Portugieser 2010";"Gere Attila";1740
17801;"Gere Cabernet Sauvignon 2008";"Gere Attila";3410
18201;"Solus 2007";"Gere Attila";12920
18301;"Gere Rosé Frici 2011";"Gere Attila";2440
18901;"Bock Hárslevelû 2009";"Bock József";2060
20601;"Sauska ""11"" 2008";"Sauska Pincészet";4580
20701;"Akutyafáját 2010";"St. Andrea / Lõrincz György";1930
20801;"St. Andrea Napbor 2011";"St. Andrea / Lõrincz György";2310
20901;"St. Andrea Pinot Noir 2009";"St. Andrea / Lõrincz György";2750
21001;"St. Andrea Áldás 2009 (Egri Bikavér)";"St. Andrea / Lõrincz György";3170
21101;"Bolyki Indián Nyár 2010";"Bolyki János";1780
21201;"Bolyki Egri Bikavér 2008";"Bolyki János";2590
21301;"Bolyki Cabernet Franc 2008";"Bolyki János";3400
95301;"Rinatura Bio MiniReiswaffeln schoko 60g";"Kenyerek, kenyérfélék";590
95401;"Molino Spadoni 00 liszt pizzához 1kg";"Lisztek";590
95501;"Molino Spadoni 00 liszt tésztához 1kg";"Lisztek";590
95601;"Molino Spadoni durumliszt 1kg";"Lisztek";690
95701;"WessexM Gluténmentes liszt 1,5kg";"Lisztek";1590
96501;"La Tourangelle Argánolaj bio 250ml";"Olajak";5990
97401;"Oh aik guan Sesame oil 150ml";"Olajak";890
97501;"Olivier Huile Ü. Ail 250ml";"Olajak";2590
98201;"Dorset berries & cherries muesli 620g";"Reggelihez";1590
98901;"M.Turenne Rillettes de Canard 180g";"Sók";1690
100401;"Silver Spoon Orange Drops 100g";"Díszítõk";650
100901;"NM Almond extract 60ml";"Ízesítõk";1290
102001;"Nortindal Tinta de Calamar doses 4x4g";"Hús, hal konzerv";299
102101;"Don Antonio Passata di Pomodoro 500g";"Szószok, öntetek";990
103301;"Flying Goose Chilli Sauce green 295ml";"Szószok, öntetek";690
103401;"Flying Goose Chilli sauce seafood 375ml";"Szószok, öntetek";690
103501;"Sriracha Chilli Sauce Ginger 455ml";"Szószok, öntetek";1490
103601;"Sriracha thai citromfüves chilli 455ml";"Szószok, öntetek";1490
103701;"Ma Ling vizigesztenye 143g M";"Zöldség, Gyümölcs";250
103801;"Pirított hagyma value pack 500g";"Zöldség, Gyümölcs";750
103901;"Daioni Banana Milk BIO banános tej 250ml";"Tejtermékek";399
104001;"Daioni Choc. Milk BIO csokis tej 250ml";"Tejtermékek";399
104101;"Daioni Strawb. Milk BIO epres tej 250ml";"Tejtermékek";399
104201;"Baru Chocolate Dark Marshmallow 4db 54g";"Édességek";750
104901;"Bovetti Blanc Cerise cseresznyés 50g";"Édességek";690
105801;"Divine chilis-narancsos étcsokoládé";"Édességek";699
108001;"Madécasse 44% arabica coffee 25g";"Édességek";490
109701;"Willie's Chulucanas Cacao 50g";"Édességek";699
110601;"Jack Link's curry ízesítésû szárított csirkehús falatok 25g";"Chipsek";499
111801;"Kettle balzsamecetes-sós burgonyachips 150g";"Chipsek";799
112401;"Mexican Dave's Hot Chilli 225g";"Chipsek";499
112901;"Nabisco Oreo Sandwich Biscuits 66g";"Chipsek";349
113001;"Rocky Mountain marshmallow fruit 150g";"Cukorka, rágógumi";590
113101;"Rocky Mountain marshmallows fehér 150g";"Cukorka, rágógumi";590
113201;"Rocky Mountain mini marshmallows 150g";"Cukorka, rágógumi";590
113301;"Swiss Army Berry Mints 14g";"Cukorka, rágógumi";499
113401;"Swiss Army Dark Choc. Caff.&Guarana 50g";"Cukorka, rágógumi";499
113501;"Swiss Army fém díszdoboz 6tábla csokihoz";"Cukorka, rágógumi";590
113601;"Swiss Army Milk Choc. Caff.&Guarana 50g";"Cukorka, rágógumi";499
113701;"Swiss Army White Choc. Coconut 50g.";"Cukorka, rágógumi";499
113801;"Swiss Navy Grape Mints 14g";"Cukorka, rágógumi";499
113901;"Swiss Navy Strong Mints 14g";"Cukorka, rágógumi";499
114001;"Border citromos keksz 175g";"Édes kekszek";890
115801;"Deseo biscotti dolci cocoa-pist.160g";"Édes kekszek";1990
116501;"Rinatura Bio Haselnuss-waffeln 175g";"Édes kekszek";890
116601;"Rinatura Bio Honig-waffeln 175g";"Édes kekszek";890
116701;"Eat Nat Almonds apricots & yoghurt 50g M";"Mûzliszeletek";350
118501;"Farmer's aszalt ananász 100g";"Magvak, aszalt gyümölcsök";990
120001;"Gispert dió 85g";"Magvak, aszalt gyümölcsök";1299
121301;"Khao Shong coconut coated peanuts 185g";"Magvak, aszalt gyümölcsök";990
121601;"AB Grate Britain Cheddar biscuits 100g";"Sós kekszek";999
122501;"Grok Grana Padano Gusto deciso 12g";"Sós kekszek";250
122601;"Rinatura Bio Grissini mit olivenöl 125g";"Sós kekszek";550
122701;"Rinatura Bio Reiswaffeln 100g";"Rizsek";290
122801;"Sun Clad Shinode Sushi Rizs Olasz 1kg";"Rizsek";990
122901;"Unirice Basmati rizs 1kg";"Rizsek";1290
123001;"Unirice Pandan illatos rizs 1kg";"Rizsek";990
123101;"Japán soba tészta 300g";"Tészták";750
123201;"Japán udon tészta";"Tészták";690
123301;"Lungkow vermicelli üvegtészta 250g";"Tészták";399
123401;"Martelli maccheroni 500g";"Tészták";999
123801;"Rustichella Alberelli tris 500g";"Tészták";1690
132501;"Gispert DulceMembrillo birsalmasajt 350g";"Lekvárok";1450
132601;"Thursday C. Apricot jam 340g";"Lekvárok";1190
136001;"Skippy Smooth Peanut butter 340g";"Csokoládékrémek";1790
136201;"Sun-Pat Mogyoróvaj darabos 227g";"Csokoládékrémek";1190
136401;"Little's instant coffee + amaretto 50g";"Instant kávé";1190
137901;"Malongo Café Blue Mount. Jamaica 250g";"Õrölt kávé";13990
138801;"Little's Heritage Costa Rica coffee 250g";"Szemes kávé";2290
139201;"ETS Black Chai Org. tea 20filter 40g";"Filteres tea";799
141501;"Baru Chocolate chai latte powder 250g";"Forrócsokoládé";159090
144801;"CHCO Chocspoon X-treme dark 50g";"Forrócsokoládé";790
144901;"Fiji ásványvíz 0,5l";"Ásványvíz";590
145001;"Icelandic Glacial mineral water 1l";"Ásványvíz";499
145101;"Ganic Cranberry Áfonya ásványvíz 500ml";"Ízesített vizek";390
146001;"AiLaike citrom-menta iced tea 330ml";"Jegestea";590
146201;"Daymer Bay Apple iced green tea 0,5l";"Jegestea";450
146801;"Dr Pepper 330ml";"Szénsavas italok";199
147101;"Fentimans CherryTree Cola 275ml";"Szénsavas italok";499
148201;"Old Jamaica Ginger beer 330ml";"Szénsavas italok";290
148401;"Vita Coco 100% coconut water 1l";"Szénsavas italok";1690
148701;"Bertrams smoothie 10-gyümölcsös 330ml";"Gyümölcslevek";499
149301;"Ocean Spray áfonya és málna juice 1L M";"Gyümölcslevek";599
149801;"Rubicon Gránátalma juice 1l";"Gyümölcslevek";699
150401;"Belvoir Cordial Apple-PlumCinnamon 500ml";"Szörpök";1690
160501;"Szállítás";"Culinaris válogatás";550
160701;"Ma Ling vizigesztenye 540g";"Zöldség, Gyümölcs";990
287901;"Andrássy Tokaji Aszú 5 Puttonyos 2006 (0,5 l)";"Fehér borok";6160
288501;"Bárdos Mátrai Irsai Olivér 2014 (0,75 l)";"Fehér borok";1400
288901;"Kajmád Szekszárdi Cabernet Franc 2011 (0,75 l)";"Vörösborok";2580
289201;"Baron V. T. Szekszárdi Ch. K. Rosé 2014 (0,75 l)";"Rosé borok";1215
289301;"Baron V. T. Szekszárdi Ch. K. Sauvignon Blanc 2014 (0,75 l)";"Fehér borok";1215
289401;"Bock Villányi Rosé Cuvée 2014 (0,75 l)";"Rosé borok";1900
290101;"Bodri Szekszárdi Cuvée Bodrikutya III. 2013 (0,75 l)";"Vörösborok";1375
290201;"Bodri Szekszárdi Faluhely QV 2011 (0,75 l)";"Vörösborok";3290
290301;"Bollinger Champagne Special Cuvee Brut (0,75 l)";"Pezsgõk";15085
290401;"Gatao Rosé (0,75 l)";"Rosé borok";1385
290501;"Gatao Vinho Verde 2009 (0,75 l)";"Fehér borok";1385
290601;"Bottega Il Vino Dei Poeti Gold Spumante (0,75 l)";"Pezsgõk";6110
290701;"Bottega Fragolino Rosso (0,75 l)";"Pezsgõk";2000
290801;"Bujdosó Balatonboglári Kapitány (Irsai Olivér) 2014 (0,75 l)";"Fehér borok";1235
290901;"Bujdosó Balatonboglári Nemere fehér cuvée 2012 (0,75 l)";"Fehér borok";2620
291001;"Bujdosó Balatonboglári Sirocco vörös cuvée 2009 (0,75 l)";"Vörösborok";3230
291101;"Csányi Villányi Kõvilla Cabernet Franc 2009 (0,75 l)";"Vörösborok";2975
291201;"Csányi Villányi Kõvilla Cuvée 2009 (0,75 l)";"Vörösborok";2848
291301;"Csordás-Fodor Somlói Juhfark 2013 (0,75 l)";"Fehér borok";1790
291401;"Duval-Leroy Brut (0,75 l)";"Pezsgõk";11435
291501;"Duval-Leroy DL Rosé Prestige Brut (0,75 l)";"Pezsgõk";17790
291601;"Euroborok Bátaapáti ""Tûzkõ Birtok"" Chardonnay bq. 2012 (0,75 l)";"Fehér borok";1630
291701;"Tûzkõ Birtok Bátaapáti Domb Cuvée 2007 (0,75 l)";"Vörösborok";5220
291801;"Tûzkõ Birtok Bátaapáti Grüner Veltliner 2014 (0,75 l)";"Fehér borok";1315
291901;"Fanti Brunello Di Montalcino DOCG 2008 (0,75 l)";"Vörösborok";11185
292001;"Fanti Rosso Di Montalcino DOC 2011 (0,75 l)";"Vörösborok";4320
292101;"Fantinel borokgoTesis Pinot Grigio 2013 (0,75 l)";"Vörösborok";2930
292201;"Fantinel Spumanti Prosecco Exra Dry (0,75 l)";"Pezsgõk";2525
292301;"Fantinel Spumanti Rosé Brut (0,75 l)";"Rosé borok";3770
292401;"Figula Balatonszõlõsi Olaszrizling 2014 (0,75 l)";"Fehér borok";1445
292501;"Figula Balázs-hegy Chardonnay 2013 (0,75 l)";"Fehér borok";2960
292601;"Gere Villányi Kopar Cuvée 2011 (0,75 l)";"Vörösborok";7775
292701;"Haraszthy Vallejo HVP Etyek-Budai Sauvignon Blanc 2014 (0,75 l)";"Fehér borok";1945
292801;"Haraszthy Vallejo HVP Sir Irsai Cuvée 2014 (0,75 l)";"Fehér borok";1490
292901;"Haraszthy Etyek-Budai Chardonnay 2013 (0,75 l)";"Fehér borok";1490
293001;"Janus Villányi borokdó 2008 (0,75 l)";"Vörösborok";2005
293101;"Janus Villányi Cabernet Franc 2011 (0,75 l)";"Vörösborok";2380
293201;"Janus Villányi Pinot Noir 2011 (0,75 l)";"Vörösborok";2005
293301;"Janus Villányi Portugieser 2013 (0,75 l)";"Vörösborok";1480
293401;"Jekl Villányi Cabernet Sauvignon barrique 2011 (0,75 l)";"Vörösborok";2650
293501;"Juhász Egri Bikavér 2011 (0,75 l)";"Vörösborok";2170
293601;"Juhász Egri Egri Csillag 2013 (0,75 l)";"Vörösborok";1600
293701;"Juhász Egri Gyöngyborok (Cs.F-Rizl.szilváni) 2014 (0,75 l)";"Fehér borok";1375
293801;"Juhász Egri Paptag Cuvée Superior 2011 (0,75 l)";"Vörösborok";2575
293901;"Juhász Rosé 2014 (0,75 l)";"Rosé borok";1160
294001;"Ken Forrester Petit Chenin Blanc 2014 (0,75 l)";"Fehér borok";2515
294101;"Ken Forrester Petit Pinotage 2013 (0,75 l)";"Fehér borok";2515
294201;"Lajvér Pannon Cuvée Blanc 2014 (0,75 l)";"Fehér borok";1475
294301;"Lajvér Szekszárdi Rosé 2014 (0,75 l)";"Fehér borok";1475
294401;"Lajvér Szekszárdi Triangulum Cuvée 2012 (0,75 l)";"Vörösborok";1550
294501;"Laposa Badacsonyi Illatos Friss 2013 (0,75 l)";"Fehér borok";1640
294601;"Laposa Badacsonyi Rizling 2 2012 (0,75 l)";"Fehér borok";2460
294701;"Laposa Badacsonyi Rizling Friss 2013 (0,75 l)";"Fehér borok";1460
294801;"Luigi Bosca Chardonnay 2012 (0,75 l)";"Fehér borok";3500
294901;"Luigi Bosca Malbec 2011 (0,75 l)";"Vörösborok";3500
295001;"Luigi Bosca Syrah 2011 (0,75 l)";"Vörösborok";3500
295101;"Olasz Cast. Di Verrazzano Chianti Classico 2012 (0,75 l)";"Vörösborok";3770
295201;"Furlan Conegliano Valdobbiadene Prosecco Spumante (0,75 l)";"Vörösborok";3215
295301;"Chateau Megyer Tokaji 3 putt. Aszú 2010 (0,5 l)";"Fehér borok";3290
295401;"Chateau Megyer Tokaji Édes Szamorodni 2010 (0,5 l)";"Fehér borok";1940
295501;"Andrássy Tokaji Száraz Szamorodni 2008 (0,5 l)";"Fehér borok";2245
295601;"Palo Alto Cabernet Sauvignon 2010 (0,75 l)";"Vörösborok";1720
295701;"Palo Alto Malbec Oak 2010 (0,75 l)";"Vörösborok";2340
295801;"Palo Alto Pinot Noir 2008 (0,75 l)";"Vörösborok";3410
295901;"Patricius Tokaji Hárslevelû pezsgõ (0,75 l)";"Fehér borok";3815
296001;"Patricius Tokaji Katinka 2012 (0,375 l)";"Fehér borok";2765
296101;"Patricius Tokaji Sárgamuskotály 2013 (0,75 l)";"Fehér borok";1870
296201;"Santa Carolina Cellar Selection Rosé 2014 (0,75 l)";"Rosé borok";1490
296301;"Santa Carolina Cellar Selection Cabernet Sauvignon 2013 (0,75 l)";"Fehér borok";1490
296401;"Santa Carolina Cellar Selection Sauvignon Blanc 2014 (0,75 l)";"Fehér borok";1490
296501;"Simonsig Kaapse Vonkel Brut 2012 (0,75 l)";"Pezsgõk";4130
296601;"Simonsig Kaapse Vonkel Rosé 2013 (0,75 l)";"Pezsgõk";4130
296701;"Stellenrust Chenin Blanc 2014 (0,75 l)";"Fehér borok";2515
296801;"Stellenrust Pinotage 2013 (0,75 l)";"Vörösborok";2830
296901;"Stellenrust Shiraz 2013 (0,75 l)";"Vörösborok";2975
297001;"Szeremley Badacsonyi Rizling 2013 (0,75 l)";"Fehér borok";1790
297101;"Thummerer Egri Chardonnay battonage 2013 (0,75 l)";"Fehér borok";2960
297201;"Thummerer Egri Október végén Olaszrizling félédes 2008 (0,75 l)";"Fehér borok";3440
297301;"Tiffán Villányi Cuvée Carissimae 2009 (0,75 l)";"Vörösborok";8195
297401;"Tiffán Villányi Rosé 2013";"Rosé borok";1735
297501;"Tiffán Villányi Portugieser 2014 (0,75 l)";"Vörösborok";1735
297601;"Chapel Hill Chardonnay (0,75 l)";"Pezsgõk";1535
297701;"Chapel Hill Pinot Grigio (0,75 l)";"Pezsgõk";1535
297801;"Chapel Hill Pinot Noir Rosé (0,75 l)";"Pezsgõk";1535
297901;"Francois nyerspezsgõ  (0,75 l)";"Pezsgõk";3647
298001;"Trapiche Oak Cask Range Chardonnay 2012 (0,75 l)";"Fehér borok";1915
298101;"Trapiche Oak Cask Range Malbec 2013 (0,75 l)";"Vörösborok";1915
298201;"Trapiche Oak Cask Range Syrah 2012 (0,75 l)";"Vörösborok";1915
298301;"Vesztergombi Szekszárdi Cabernet Franc 2011 (0,75 l)";"Vörösborok";21755
299001;"Vida Szekszárdi Bikavér 2012 (0,75 l)";"Vörösborok";2915
299501;"Vylyan Villányi Cabernet Franc 2011 (0,75 l)";"Vörösborok";3665
332101;"Dime kulcstartóra rögzíthetõ multiszerszám, fekete, bliszterben";"Szabadidõs eszközök";7490
1659201;"Multi felfújható fotel 191x97x64cm";"Otthon, egyéb";7490
1659301;"Multi felfújható fotel 191x97x64cm";"Otthon, egyéb";7490
1659401;"Multi felfújható fotel 191x97x64cm";"Otthon, egyéb";7490
1659501;"Multifunkciós kanapé és ágy 188 x 152 x 64 cm";"Otthon, egyéb";14390
1659601;"Multifunkciós kanapé és ágy 188 x 152 x 64 cm";"Otthon, egyéb";14390
1659701;"Multifunkciós kanapé és ágy 188 x 152 x 64 cm";"Otthon, egyéb";14390
1659801;"Felfújható vendégágy fejpárnával, beépített pumpával, 203x152x46 cm";"Otthon, egyéb";13490
1659901;"Moda ülõke";"Otthon, egyéb";2990
1660001;"Moda ülõke";"Otthon, egyéb";2990
1660101;"Moda ülõke";"Otthon, egyéb";2990
1660201;"Pumpa, kézi";"Otthon, egyéb";2490
1660301;"Felfújható vendégágy állítható háttámlával";"Otthon, egyéb";9990
1660401;"Álmodj a csillagok alatt gyermek felfújható vendégágy";"Otthon, egyéb";5990
1660501;"Álmodj a csillagok alatt gyermek felfújható vendégágy";"Otthon, egyéb";5990
1660601;"Játszóház, komplett 140x150x170cm";"Szabadtéri játékok";8990
1660701;"Felfújható puff";"Otthon, egyéb";6490
1660801;"Felfújható puff";"Otthon, egyéb";6490
1660901;"Felfújható puff";"Otthon, egyéb";6490
1661501;"Black & Decker 14,4 V Kompakt Li-Ion Akkus Ütvefúró/csavarozó 2 mechanikus";"Elektromos barkácsgépek";48990
1669701;"HAIR + NICE INTENZÍV HAJTERÁPIA KOMPLEX CSOMAG";"Kozmetikai termékek";10990
1669801;"HAIR + NICE HAJERÕSÍTÕ-FEJBÕRÁPOLÓ SAMPON 200 ml";"Kozmetikai termékek";2490
1669901;"HAIR + NICE HAJKONDÍCIONÁLÓ BALZSAM 200 ml";"Kozmetikai termékek";2990
1670001;"HAIR + NICE HAJKENCE-FEJBÕRÁPOLÓ ÉS REGENÁLÓ KRÉM 75 ml";"Kozmetikai termékek";4990
1670201;"Sauvignon Blanc";"Fehér borok";1400
1670301;"Bock Olaszrizling";"Fehér borok";1680
1673401;"Samsung Galaxy J1 DS Black";"Mobiltelefonok";34990
1678201;"Micorsoft Lumia 435 DS Black";"Mobiltelefonok";24990
1680801;"Robotkar készlet elektronikus játék";"Fejlesztõ játékok";13990
1680901;"Robotkar készlet 3 in 1 elektronikus játék";"Autó,Jármû";10990
1681001;"Robot Beetle elektronikus játék";"Fejlesztõ játékok";13990
1681101;"BMW elektromos motor gyerekeknek";"Autó,Jármû";59990
1681201;"BMW elektromos motor gyerekeknek";"Autó,Jármû";59990
1681301;"BMW Z4 elektromos autó gyerekeknek";"Autó,Jármû";79990
1681401;"Ferrari F12 elektromos autó gyerekeknek";"Autó,Jármû";89990
1681501;"Lamborghini elektromos autó gyerekeknek";"Autó,Jármû";79990
1681601;"Mercedes elektromos autó gyerekeknek";"Autó,Jármû";74990
1681701;"Range Rover elektromos autó gyerekeknek";"Autó,Jármû";94990
1681801;"Range Rover elektromos autó gyerekeknek";"Autó,Jármû";109990
1681901;"Range Rover elektromos autó gyerekeknek";"Autó,Jármû";109990
1682001;"High Sped Buggy 4WD RC Hobby autó";"Autó,Jármû";36990
1682101;"High Sped Buggy 4WD RC Hobby autó";"Autó,Jármû";49990
1682201;"Mágikus Ház szabadtéri játék";"Szabadtéri játékok";25990
1682301;"Mágikus Ház szabadtéri játék";"Szabadtéri játékok";25990
1682401;"Farm Ház verandával szabadtéri játék";"Szabadtéri játékok";44990
1682501;"Összecsukható foci kapu szabadtéri játék";"Szabadtéri játékok";4990
1682601;"Mercedes Benz SLS lábbal hajtós autó";"Autó,Jármû";12490
1682701;"Mercedes Benz SLS lábbal hajtós autó";"Autó,Jármû";12490
1682801;"Bentley GT  lábbal hajtós autó";"Autó,Jármû";12490
1682901;"Bentley GT  lábbal hajtós autó";"Autó,Jármû";12490
1683001;"Pedálos traktor utánfutóval";"Autó,Jármû";21490
1683101;"Pedálos traktor utánfutóval";"Autó,Jármû";23990
1683201;"Pedálos traktor markolóval";"Autó,Jármû";21490
1683301;"Pedálos traktor markolóval és utánfutóval";"Autó,Jármû";26990
1683401;"RC Hajó, High Speed";"Autó,Jármû";9990
1683501;"RC Hajó, High Speed";"Autó,Jármû";9990
1688101;"ALLEGRO BALCONY rattan balkon szett";"Kerti bútorok";56874
1688201;"ATLANTA BALCONY rattan balkon szett";"Kerti bútorok";56874
1688301;"ATLANTA BALCONY rattan balkon szett";"Kerti bútorok";56874
1688401;"BONAIRE magastámlás karosszék";"Kerti bútorok";3031
1688501;"CHARLOTTE COUNTRY magastámlás karosszék";"Kerti bútorok";14272
1688601;"CORFU LOVE SEAT rattan kétszemélyes kanapé";"Kerti bútorok";42566
1688701;"COZIE virágtartó, 2 az 1-ben állva és felakasztva használható, kötött hatás";"Kerti bútorok";4997
1688801;"CUBA alacsonytámlás karosszék";"Kerti bútorok";2272
1688901;"DANTE magastámlás karosszék";"Kerti bútorok";3031
1689001;"DANTE szögletes étkezõ asztal";"Kerti bútorok";21104
1689101;"EASY GROWING magasított virágtartó";"Kerti bútorok";19998
1689201;"FIREWOOD SHELTER tüzifa tároló, fa hatású";"Kerti bútorok";33001
1689301;"FUTURA wood szögletes étkezõ asztal";"Kerti bútorok";30404
1689401;"CORNER TOOL RACK sarokelem munkaeszközök tárolásához";"Kerti bútorok";4997
1689501;"HARMONY wood szögletes étkezõ asztal";"Kerti bútorok";42924
1689601;"IOWA rattan fotel";"Kerti bútorok";16078
1689701;"IOWA rattan fotel";"Kerti bútorok";16078
1689801;"IOWA rattan fotel";"Kerti bútorok";16078
1689901;"IOWA rattan fotel";"Kerti bútorok";16078
1690001;"IOWA rattan fotel";"Kerti bútorok";16078
1690101;"IOWA rattan fotel";"Kerti bútorok";16078
1690201;"IOWA rattan fotel";"Kerti bútorok";16078
1690301;"IVY virágtartó 3 résszel";"Kerti bútorok";2997
1690401;"CYLINDER PLANTER virágtartó, henger, mûrattan (nagy)";"Kerti bútorok";6663
1690501;"LARISA magastámlás étkezõ szék";"Kerti bútorok";6242
1690601;"LARISA magastámlás étkezõ szék";"Kerti bútorok";6242
1690701;"MALLORCA alacsonytámlás karosszék";"Kerti bútorok";2186
1690801;"MANOR 65DD kültéri ház 185x152x226 cm";"Kerti bútorok";123003
1690901;"MEDIUM PLANTER virágtartó, mûrattan (közepes)";"Kerti bútorok";4331
1691001;"MELODY QUARTET rattan szögletes asztal";"Kerti bútorok";21444
1691101;"MELODY rattan szögletes étkezõ asztal";"Kerti bútorok";28597
1691201;"MAUI rattan lounge szett (MODENA fotel)";"Kerti bútorok";99798
1691301;"IOWA rattan fotel";"Kerti bútorok";16078
1691401;"MONTREAL rattan 5 pozíciós karosszék";"Kerti bútorok";12502
1691501;"MONTREAL rattan 5 pozíciós karosszék";"Kerti bútorok";12502
1691601;"RIO PATIO rattan balkon szett";"Kerti bútorok";38989
1691701;"ROMA több pozíciós napozóágy";"Kerti bútorok";14272
1691801;"CYLINDER PLANTER virágtartó, henger, mûrattan (kicsi)";"Kerti bútorok";2997
1692001;"SMALL PLANTER virágtartó, mûrattan (kicsi)";"Kerti bútorok";3331
1692101;"TISARA magastámlás karosszék";"Kerti bútorok";7118
1692201;"TISARA magastámlás karosszék";"Kerti bútorok";7118
1692301;"VENETIA magastámlás karosszék";"Kerti bútorok";2972
1692401;"WELLINGTON ovális étkezõ asztal";"Kerti bútorok";24681
1692501;"EBÉDLÕKÉSZLET FEHÉR 18 RÉSZES - QUADRATO";"Edények,Evõeszközök, Poharak";21496
1692601;"KOVÁCSOLT PENGÉJÛ KÉS SZETT TARTÓVAL 6 RÉSZES - TITANIUM";"Kések";12760
1692701;"KOVÁCSOLT PENGÉJÛ KÉS SZETT TARTÓVAL 6 RÉSZES - GRANITE";"Kések";11849
1692801;"KÉS SZETT TARTÓVAL 6 RÉSZES - MAGNAT";"Kések";12598
1692901;"EVÕESZKÖZKÉSZLET 24 RÉSZES - WAVE";"Edények,Evõeszközök, Poharak";5828
1693401;"ROZSDAMENTES TERMOSZ 1L - MAGNUM";"Edények,Evõeszközök, Poharak";2262
1693501;"TERMOSZ 0,5L 4 SZÍNBEN - POCISK";"Edények,Evõeszközök, Poharak";1562
1693601;"TERMOSZ 0,75L 4 SZÍNBEN - POCISK";"Edények,Evõeszközök, Poharak";1976
1693701;"TERMOSZ 1L 4 SZÍNBEN - POCISK";"Edények,Evõeszközök, Poharak";2457
1693801;"KOTYOGÓS KÁVÉFÕZÕ ROZSDAMENTES ACÉLBÓL 200ML - VELLA";"Kávéfõzõ, kávédaráló";2340
1693901;"KOTYOGÓS KÁVÉFÕZÕ ROZSDAMENTES ACÉLBÓL 300ML - VELLA";"Kávéfõzõ, kávédaráló";2704
1694001;"KOTYOGÓS KÁVÉFÕZÕ ROZSDAMENTES ACÉLBÓL 450ML - VELLA";"Kávéfõzõ, kávédaráló";3294
1694101;"Ilag Ceramic bevonatú pároló edény 20 cm - PURE LINE";"Edények,Evõeszközök, Poharak";11797
1694201;"Ilag Ceramic bevonatú edény 24 cm - PURE LINE";"Edények,Evõeszközök, Poharak";7899
1694301;"Mély serpenyõ fedõvel 28cm - PURE LINE";"Edények,Evõeszközök, Poharak";9349
1694401;"KERÁMIA BEVONATÚ FAZÉKKÉSZLET 8 RÉSZES TAUPE - FUSION FRESH";"Edények,Evõeszközök, Poharak";16489
1694501;"KERÁMIA BEVONATÚ FAZÉKKÉSZLET 8 RÉSZES GREEN - FUSION FRESH";"Edények,Evõeszközök, Poharak";16566
1694601;"AM-ESSENCE SERPENYO ZOLD 26CM ILAG IND -";"Edények,Evõeszközök, Poharak";3443
1694701;"Öntött alumínium tepsi Ilag Ceramic bevonattal 32x21cm  - PURE LINE";"Edények,Evõeszközök, Poharak";11663
1694801;"OVÁLIS HÕÁLLÓ SÜTÕTÁL FEDÕVEL 5,8L - CLASSIC";"Edények,Evõeszközök, Poharak";4393
1694901;"KEREK HÕÁLLÓ SÜTÕTÁL FEDÕVEL 5L - CLASSIC";"Edények,Evõeszközök, Poharak";2480
1695001;"KEREK HÕÁLLÓ CSIRKESÜTÕ TÁL FEDÕVEL 5,5L - CLASSIC";"Edények,Evõeszközök, Poharak";3604
1695101;"TÉGLALAP ALAKÚ HÕÁLLÓ SÜTÕTÁL FEDÕVEL 5,2L - -";"Edények,Evõeszközök, Poharak";1535
1695201;"ZOMÁNCOZOTT TEASKANNA 2,2L INDUKCIÓS ALJJAL BROWN - MERVE";"Edények,Evõeszközök, Poharak";4058
1696001;"TEÁSKANNA 3,5 L-ES  - LENART";"Edények,Evõeszközök, Poharak";4745
1696101;"TEÁSKANNA 3 L-ES  - FERGUSON";"Edények,Evõeszközök, Poharak";4977
1696201;"ELEKTROMOS DARÁLÓ ALULRÓL MEGVILÁGÍTOTT KERÁMIA ÕRLÕ SZERKEZETTEL -";"Kávéfõzõ, kávédaráló";2116
1696601;"Konyhai mérleg - DREAM FLOWER";"Konyhai mérleg";3296
1696801;"KÁVÉ KÉSZÍTÕ ÜVEGFÜLLEL 600ML -";"Edények,Evõeszközök, Poharak";2510
1697001;"Ebédlõkészlet 18 részes light silver - DREAM FLOWER";"Edények,Evõeszközök, Poharak";19468
1697201;"KÁVÉS SZETT CSÉSZE 200ML + CSÉSZEALJ 12 RÉSZES - TULIPAN";"Edények,Evõeszközök, Poharak";3743
1706301;"Brasserie öntöttvas serpenyõ 24cm";"Edények,Evõeszközök, Poharak";14490
1706401;"Brasserie öntöttvas serpenyõ 27cm";"Edények,Evõeszközök, Poharak";16990
1706501;"Brasserie öntöttvas grill serpenyõ 27cm";"Edények,Evõeszközök, Poharak";18990
1706601;"Brasserie öntöttvas fazék 6,5L/27cm";"Edények,Evõeszközök, Poharak";33990
1706701;"Essence 45cl, vörösboros pohár 2 db";"Edények,Evõeszközök, Poharak";9290
1706801;"HotCool 34 cl, tea/jegestea pohár 2 db";"Edények,Evõeszközök, Poharak";7890
1706901;"Aalto kicsi szervírozó tál 210X257mm tölgy";"Edények,Evõeszközök, Poharak";14990
1707001;"Tányér 27cm fehér";"Edények,Evõeszközök, Poharak";9990
1708001;"Taika fém doboz 280x178x130mm kék";"Edények,Evõeszközök, Poharak";5990
1708501;"Angry Birds bögre 0,4L Stella";"Edények,Evõeszközök, Poharak";5890
1708601;"rávágó metszõolló P25";"Kerti szerszámok";3790
1708701;"metszõolló, nyíró P26";"Kerti szerszámok";3790
1708801;"általános kerti olló SP28";"Kerti szerszámok";4590
1708901;"forgó nyelû metszõolló P92";"Kerti szerszámok";8790
1709001;"kúpkerekes metszõolló P94";"Kerti szerszámok";9990
1709101;"professzionális metszõolló P90";"Kerti szerszámok";9990
1709201;"fém ágvágó, kicsi L90";"Kerti szerszámok";12790
1709301;"fém ágvágó, közepes L94";"Kerti szerszámok";19290
1709401;"fém ágvágó, nagy L98";"Kerti szerszámok";20990
1709501;"fûnyíró olló GS42";"Kerti szerszámok";7690
1709601;"fûnyíró olló, hosszú nyelû GS46";"Kerti szerszámok";12890
1709701;"SINGLESTEP sövénynyíró olló";"Kerti szerszámok";7490
1709801;"sövénynyíró olló, fogaskerekes HS92";"Kerti szerszámok";15990
1709901;"SmartFit Teleszkópos sövénynyíró HS86";"Kerti szerszámok";15990
1710001;"Xtract barkács fûrész SW72";"Kerti szerszámok";6990
1710101;"Xtract kerti fûrész, kicsi SW73";"Kerti szerszámok";6990
1853201;"Notre Dame de Paris";"Kreatív játékok";2890
1853301;"Colosseum";"Kreatív játékok";2890
1853401;"Neuschwanstein Castle";"Kreatív játékok";2890
1853501;"Tower Bridge";"Kreatív játékok";2890
1853601;"The Temple of Heaven";"Kreatív játékok";2890
1853701;"Capitol";"Kreatív játékok";2890
1853801;"Taj Mahal";"Kreatív játékok";2890
1853901;"Himeji-Jo";"Kreatív játékok";2890
1854001;"St.Patrick's Cathedral";"Kreatív játékok";2890
1854101;"Hungarian Parliament Building-Parlament";"Kreatív játékok";3090
1854201;"St.Paul's Cathedral";"Kreatív játékok";2890
1854301;"Westminster Abbey (UK)";"Kreatív játékok";2890
1854401;"Matthias Church-Fisherman's Bastion";"Kreatív játékok";3490
1854501;"Sagrada Familia (Spain)";"Kreatív játékok";2890
1854601;"Cologne Cathedral (Deutschland)";"Kreatív játékok";2890
1854701;"Buckingham Palace";"Kreatív játékok";2890
1854801;"Vajdahunyad Castle-Vajdahunyad vára";"Kreatív játékok";3990
1854901;"Mini hungarian buildings (Parlament,Mátyás-templom,Lánchíd,Hõsök tere)";"Kreatív játékok";1890
1855001;"Santorini";"Kreatív játékok";3690
1855101;"Esztergomi Bazilika";"Kreatív játékok";3490
1855201;"London-persely";"Kreatív játékok";2190
1855301;"Dubai-persely";"Kreatív játékok";2190
1855401;"New York-persely";"Kreatív játékok";2190
1855501;"Párizs-persely";"Kreatív játékok";2190
1855601;"Moszkva";"Kreatív játékok";2190
1855701;"Discovery";"Kreatív játékok";1990
1855801;"Kijev repülõgéphordozó";"Kreatív játékok";1990
1855901;"Huey Cobra harci helikopter";"Kreatív játékok";1190
1856001;"Sukhol SU-35 bombázó";"Kreatív játékok";1190
1856101;"Velence";"Kreatív játékok";4490
1856201;"Liaoning repülõgéphordozó";"Kreatív játékok";1990
1856301;"Apollo holdkomp";"Kreatív játékok";2790
1856401;"Curiosity Rover-Mars járó";"Kreatív játékok";2790
1856501;"Saturn V-Holdrakéta";"Kreatív játékok";2790
1856601;"Voyager Space P. ûrszonda";"Kreatív játékok";2790
1856701;"Mini Parlament";"Kreatív játékok";549
1856801;"The Queen Anne's Revenge";"Kreatív játékok";3590
1856901;"Cruise Ship";"Kreatív játékok";1890
1857001;"Two-Masted Schooner";"Kreatív játékok";1890
1857101;"San Felipe";"Kreatív játékok";6990
1857201;"Queen Anne's Revenge";"Kreatív játékok";6990
1857301;"HMS Victory";"Kreatív játékok";4490
1857401;"2d-s szivacs képösszerakó 278";"Kreatív játékok";2790
1857501;"Építs és játssz! kincses sziget 038";"Kreatív játékok";2790
1858201;"Mini stencilek dobozban pink 526";"Kreatív játékok";3190
1858401;"Építs és játssz! traktor 625";"Kreatív játékok";3490
1859001;"2d-s szivacs képösszerakó 908";"Kreatív játékok";2790
1859101;"Stencil készlet ceruzával kék 059";"Kreatív játékok";3490
1859201;"Stencil készlet ceruzával pink 066";"Kreatív játékok";3490
1859301;"Szivacs puzzle hableány,tündér,hercegnõ 325";"Kreatív játékok";3490
1859401;"Szivacs puzzle jármûvek 332";"Kreatív játékok";3490
1859501;"HAMA SCENERY MEMO ALBUM 10X15/200,";"Fotókeret";1590
1865401;"GAMING PS3 BILL+EGÉR ADAPTER ""SPEEDSHOT""";"Kiegészítõk";14990
1865501;"GAMING OPTIKAI EGÉR ""URAGE"" 2400DPI";"Kiegészítõk";4490
1868501;"THOMSON HED 221N TARKÓPÁNTOS FEJHALLGATÓ";"Fejhallgatók";2190
1888301;"Bosch  40 cm lánc & láncvezetõ szett ( 1.1mm )";"Kerti szerszámok";15990
1908701;"Hauser DM-1200 Dagasztógép";"Aprító, szeletelõ, daráló, dagasztó";38990
1908801;"HEXBUG WARRIORS STADION - PIROS-SÁRGA";"Kreatív játékok";5190
1909501;"TAGAMOTO Nagy szett";"Kreatív játékok";11990
1909601;"TAGAMOTO Kis szett";"Kreatív játékok";5990
1909701;"Hexbug Nano V2 Oválpálya (Orbit)";"Kreatív játékok";3490
1909801;"Hexbug Nano V2";"Kreatív játékok";2590
1915101;"PREDASAURS TÖRZS SZETT - DZSUNGEL";"Kreatív játékok";3490
1915401;"ZOMBIE ZITY HORDÓ";"Kreatív játékok";1190
1915501;"STAR WARS FEJEK";"Kreatív játékok";349
1915601;"STAR WARS JÁTÉKSZETT BLISZTEREN";"Kreatív játékok";899
1915701;"STAR WARS KINCSESLÁDA";"Kreatív játékok";1690
1915801;"FILLY BOSZI 1DB OS GYÛJTÕZACSKÓ";"Kreatív játékok";719
1915901;"FILLY BOSZI BABA-MAMA";"Kreatív játékok";1190
1916001;"FILLY BOSZI CSALÁD SZETT";"Kreatív játékok";1690
1916101;"FILLY BOSZI VARÁZSLATOS SZÉLMALOM";"Kreatív játékok";9990
1916201;"Filly Sellõ tolltartó";"Kreatív játékok";899
1916301;"WORD WINDER";"Kreatív játékok";5990
1916401;"AERO FORCE GLIDER";"Kreatív játékok";2590
1916501;"Filly Sellõ uzsonnásdoboz";"Kreatív játékok";899
1916701;"HOMOKVARÁZS";"Kreatív játékok";1290
1916801;"Kreatív homokrajz";"Kreatív játékok";619
1916901;"Baby 3 párkeresõ szett";"Bébijátékok";1390
1917001;"Baby kitt 3 az 1-ben";"Bébijátékok";2390
1917101;"Violetta Maxi#108";"Kreatív játékok";1890
1917201;"Violetta Maxi#108";"Kreatív játékok";1890
1917301;"VIOLETTA Kreatív szett";"Kreatív játékok";2990
1917401;"VIOLETTA Kreatív szett gyöngyfûzõ";"Kreatív játékok";2990
1917501;"VIOLETTA Textil Kreációk";"Kreatív játékok";2990
1917601;"Carotina kvíz játékok - 3 féle magyar nyelven ALAPISMERETEK, FARM, ABC-JÁTÉ";"Kreatív játékok";2190
1917701;"Kreatív játékgyûjtemény 10 az 1-ben magyar nyelven";"Kreatív játékok";3490
1917801;"Violetta Maxi#108";"Kreatív játékok";1890
1917901;"Violetta Maxi#150";"Kreatív játékok";1890
1918001;"Violetta Maxi#150";"Kreatív játékok";1890
1918701;"Jégvarázs Maxi#108";"Kreatív játékok";1890
1919001;"Jégvarázs rajzolóiskola";"Kreatív játékok";2590
1919101;"Violetta #108";"Kreatív játékok";1190
1919201;"Violetta #250";"Kreatív játékok";1190
1919301;"PUZZLE DF PLUS 108 db-os JURASSIK PARK Ankylosaurus";"Kreatív játékok";1290
1919901;"Jégvarázs #60";"Kreatív játékok";1190
1920001;"Jégvarázs #108";"Kreatív játékok";1190
1920101;"Hexbug Nano Bogarak";"Kreatív játékok";1690
1920201;"Hexbug AQUABOT - BOHÓCHAL NARANCS";"Kreatív játékok";1690
1920301;"Hexbug AQUABOT - CÁPA PIROS";"Kreatív játékok";1690
1920401;"Hexbug AQUABOT - CÁPA SZÜRKE";"Kreatív játékok";1690
1922401;"Stanley trapéz kés + pengék";"Kéziszerszámok";5990
1926601;"Sodastream Narancs light Steviával (500 ml)";"Szirupok, szörpök";1490
1932001;"Avide LED Spot Plastic 4W GU10 110° WW 3000K (240 lm, 300 total lm)";"LED izzók";1300
1932901;"Samsung Galaxy Tab A 9.7 LTE T555 Black";"Mobiltelefonok";109990
1933001;"Forgódobos felmosó szett";"Otthon, egyéb";4990
1933301;"ALOE VERA GEL  96%-os aloe vera tartalommal";"FLP Étrend kiegészítõk";9113
1933401;"BERRY NECTAR    Aloe vera lé áfonya és alma sûrítménnye";"FLP Étrend kiegészítõk";9113
1933501;"BITS n PEACHES   Õszibarack ízû aloe vera gél";"FLP Étrend kiegészítõk";9927
1933601;"FREEDOM Glukozamin szulfát és MSM tartalmú narancs ízesítésû";"FLP Étrend kiegészítõk";12451
1933701;"FAB X ENERGY DRINK  Cukormentes szénsavas energiaital édesítõszerrel";"FLP Étrend kiegészítõk";1000
1933801;"FAB ENERGY DRINK Trópusi gyümölcs ízû szénsavas ital";"FLP Étrend kiegészítõk";1000
1933901;"BLOSSOM HERBAL TEA  Fûszer teakeverék";"FLP Étrend kiegészítõk";6332
1934001;"POMESTEEN POWER  Gyümölcskoncentrátum C vitaminnal Étrend-kiegészítõ";"FLP Étrend kiegészítõk";9549
1934101;"MINERAL WATER   Sirona szénsavmentes természetes ásványvíz";"FLP Üditõitalok Ásványvizek";375
1934201;"AOE2GO  Aloe vera ital gyümölcslevekkel, C-vitaminnal dúsított étrend-kieg.";"FLP Étrend kiegészítõk";25355
1934301;"FREEDOM2GO  Gránátalma ízû aloe vera étrend-kiegészítõ ital glukózaminnal";"FLP Étrend kiegészítõk";29693
1934401;"FIBER  vízoldható növényi rostot tartalmazó étrend-kiegészítõgluténmentes";"FLP Étrend kiegészítõk";7028
1934501;"DAILY   Vitaminokat, ásványianyagokat és biológiailag aktív anyagokat tart.";"FLP Étrend kiegészítõk";6254
1934601;"ARCTIC SEA   Omega 3 zsírsavakat tartalmazó halolaj étrend- kieg.";"FLP Étrend kiegészítõk";9886
1934701;"VITOLIZE WOMENS   Növényi és ásványi anyagokat, vitaminokat tartalmaz";"FLP Étrend kiegészítõk";9886
1934801;"VITOLIZE MENS  Növényi kivonatokat, vitaminokat és ásványi anyagokat tart.";"FLP Étrend kiegészítõk";9336
1934901;"KIDS NEW  Multivitamin étrend-kiegészítõ rágótabletta édesítõszerrel.";"FLP Étrend kiegészítõk";3919
1935001;"IMMUBLEND   Cinket, C és D3 vitamint tartalmazó étrend-kiegészítõ tabletta";"FLP Étrend kiegészítõk";6072
1935101;"CARDIOHEALTH   Vitaminokat , gyógynövényeket és Q10 koenzimet tartalmaz";"FLP Étrend kiegészítõk";8680
1935201;"GIN CHIA  Étrend-kiegészítõ készítmény édesítõszerrel és mézzel";"FLP Étrend kiegészítõk";6555
1935301;"ABSORBENT C  Étrend-kiegészítõ rágótabletta édesítõszerrel és mézzel";"FLP Étrend kiegészítõk";6332
1935401;"A BETA CARE   Beta-karotin és E-vitamin- tartalmú étrend-kiegészítõ";"FLP Étrend kiegészítõk";10701
1935501;"GARLIC THYME  Fokhagyma-kakukkfû lágyzselatin";"FLP Étrend kiegészítõk";6555
1935601;"FIELDS of GREENS  lucernalevél szárított õrleményt tartalmaz";"FLP Étrend kiegészítõk";4345
1935701;"LYCIUM PLUS  Antioxidáns étrend-kiegészítõ tabletta";"FLP Étrend kiegészítõk";11914
1935801;"B12 PLUS  Étrend-kiegészítõ vitamin tabletta B12 vitaminnal és folsavval";"FLP Étrend kiegészítõk";5538
1935901;"NEW FOREVER CALCIUM  Kalcium étrend-kiegészítõ tabletta D és C vitamin";"FLP Étrend kiegészítõk";8714
1936001;"ECHINACEA  Étrend-kiegészítõ tabletta";"FLP Étrend kiegészítõk";7525
1936101;"ACTIVE PROBIOTIC   Lactobacillus és bifido baktériumokat (élõflórát) tartal";"FLP Étrend kiegészítõk";7699
1936201;"VISION Feketeáfonya kivonatot, vitaminokat és ásványi anyagokat tart.";"FLP Étrend kiegészítõk";7041
1936301;"ACTIVE HA  Hyaluronsav, kurkuma és gyömbér tartalmú étrend-kiegészítõ";"FLP Étrend kiegészítõk";10876
1936401;"NATURES 18  18 féle zöldséget és gyümölcsöt tartalmazó antioxidáns";"FLP Étrend kiegészítõk";14532
1936501;"BEE POLLEN  Virágpor tabletta";"FLP Étrend kiegészítõk";5501
1936601;"BEE PROPOLIS  Propolisz tabletta";"FLP Étrend kiegészítõk";11495
1936701;"ROYAL BEE JELLY Méhpempõ tartalmú rágótabletta cukorral és édesítõvel";"FLP Étrend kiegészítõk";11890
1936801;"BEE HONEY  Virágméz";"FLP Étrend kiegészítõk";6055
1937001;"NEW CLEAN 9 ULTRA CHOCOLATE";"FLP Étrend kiegészítõk";35202
1937401;"FLEUR de JOUVENCE   Aloe alapú regeneráló szépségápolási készlet";"FLP Kozmetikai termékek";31474
1937501;"THERM";"FLP Étrend kiegészítõk";10843
1937601;"GARCINIA PLUS GARCINIA CAMBOGIA kivonatot és krómot tartalmazó étrend-kieg.";"FLP Étrend kiegészítõk";11914
1937701;"LITE ULTRA VANILLA 15 SERVINGS";"FLP Étrend kiegészítõk";6475
1937801;"LITE ULTRA CHOCOLATE 15 SERVING";"FLP Étrend kiegészítõk";6475
1938001;"LEAN  Nopál kaktuszt, bab kivonatot és krómot tartalmazóétrend-kiegészítõ";"FLP Étrend kiegészítõk";10907
1938301;"GINKGO PLUS";"FLP Étrend kiegészítõk";11319
1938401;"ARGI +STICK PACK";"FLP Étrend kiegészítõk";19766
1938501;"ARGI+";"FLP Étrend kiegészítõk";19766
1938601;"FIRST";"FLP Kozmetikai termékek";7126
1938701;"ALOE SUN LIPS";"FLP Kozmetikai termékek";1406
1938801;"BATH GELÉE";"FLP Kozmetikai termékek";6555
1938901;"LIPS WITH JOJOBA";"FLP Kozmetikai termékek";1250
1939001;"BRIGHT TOOTHGEL";"FLP Kozmetikai termékek";2757
1939101;"HAND & FACE SOAP";"FLP Kozmetikai termékek";4744
1939201;"EVER SHIELD DEODORANT";"FLP Kozmetikai termékek";2581
1939301;"GENTLEMANS PRIDE";"FLP Kozmetikai termékek";5362
1939401;"HAND SANITIZER";"FLP Kozmetikai termékek";1112
1939501;"VOLUME CONDITIONER";"FLP Kozmetikai termékek";6268
1939601;"VOLUME SHAMPOO";"FLP Kozmetikai termékek";6268
1939701;"HIDRATE CONDITIONER";"FLP Kozmetikai termékek";6229
1939801;"HYDRATE SHAMPOO";"FLP Kozmetikai termékek";6229
1939901;"RELAXATION MASSAGE LOTION";"FLP Kozmetikai termékek";6683
1940001;"RELAXATION SHOWER GEL";"FLP Kozmetikai termékek";5905
1940101;"RELAXATION BATH SALTS";"FLP Kozmetikai termékek";7137
1940201;"AROMA SPA COLLECTION";"FLP Kozmetikai termékek";19666
1940301;"ALOE STYLING GEL";"FLP Kozmetikai termékek";5328
1940401;"AVOCADO FACE, BODY SOAP";"FLP Kozmetikai termékek";1750
1940501;"25th EDITION PARFUM FOR WOMEN";"FLP Kozmetikai termékek";15759
1940601;"25thEDITION PARFUM FOR MEN";"FLP Kozmetikai termékek";15759
1940701;"ALOE JOJOBA SHAMPOO";"FLP Kozmetikai termékek";6292
1940801;"ALOE JOJOBA CONDITIONING RINSE";"FLP Kozmetikai termékek";6292
1940901;"ALOE MPD 2X";"FLP Háztartási vegyiárú";8658
1941001;"BB CREME NUDE";"FLP Kozmetikai termékek";10664
1941101;"BB CREME SANDY";"FLP Kozmetikai termékek";10664
1941201;"BB CREME COCOA";"FLP Kozmetikai termékek";10664
1941301;"LIQUID EYELINER";"FLP Kozmetikai termékek";6189
1941401;"BAKED EYESHADOW VELVET PLUM";"FLP Kozmetikai termékek";9977
1941901;"EYELUMINATE MASCARA, EYE LINER SET GREEN";"FLP Kozmetikai termékek";11972
1942201;"CREAM TO POWDER FOUNDATION PORCELAIN";"FLP Kozmetikai termékek";9219
1943101;"BAKED EYESHADOW ROSE";"FLP Kozmetikai termékek";9977
1943201;"FLP";"Shop in Shop";1
2070401;"ALEX, CSILLOGÓ KÉPKÉSZÍTÕ - BAGOLY";"Kreatív játékok";1190
2073101;"AMAV, DIVATTERVEZÕ KÉSZLET, DENIM";"Kreatív játékok";2685
2074401;"BRAINBOX, A VILÁG ORSZÁGAI";"Társasjátékok";3290
2075001;"CK, BARÁTSÁG KARKÖTÕK";"Kreatív játékok";555
2077001;"PK, 3D MATRICA SZEMÜVEGGEL, GYORSULÁS";"Kreatív játékok";555
2083301;"PLAYBOX, GYÖNGYKÉP FIGURÁK, 2000 DB, A-K";"Kreatív játékok";2190
2085201;"T4K, COLOR N GLOW UTÁNTÖLTÕ";"Kreatív játékok";1990
2087701;"THINKFUN, GURÍTS ÉS JÁTSSZ";"Társasjátékok";4615
2087801;"THINKFUN, KAJACSATA TÁRSASJÁTÉK";"Társasjátékok";4990
2087901;"THINKFUN, S'MATCH ÚJ";"Társasjátékok";5390
2088001;"THINKFUN, ZINGO HÁNY ÓRA?";"Társasjátékok";4990
2088101;"THINKFUN, ZINGO TÁRSASJÁTÉK";"Társasjátékok";4990
2088201;"THINKFUN, ZINGO TÁRSASJÁTÉK ANGOL NYELVÛ VERZIÓ";"Társasjátékok";4990
2088401;"WOW, AMY, A MOTOROS";"Autó,Jármû";3990
2141601;"CookieMaker sütemény készítõ készlet";"Konyha";3129
2141701;"NewRay - Lamborghini 1:28 - vegyes szinek";"Játék";2101
2141801;"NewRay - 1:32 farm készlet";"Játék";2790
2141901;"Hot Wheels - kisautó";"Játék";1990
2142001;"Compact 22 cm edény behajtható nyéllel, fedõvel";"Konyha";3810
2142101;"Spirit serpenyõ 26 cm";"Konyha";2537
2142201;"Tefal Comfort Touch serpenyõ";"Konyha";3070
2142301;"EASY GRIP Tortaforma kerek 23 cm";"Konyha";1411
2142401;"Just serpenyõ 20 cm";"Konyha";2231
2142501;"Just serpenyõ 30 cm";"Konyha";3048
2142601;"Multibit marokcsavarhúzó racsnis";"Barkács";1529
2142701;"Multi csavarhúzó készlet (34 részes)";"Barkács";2151
2142801;"Stanley Multitool 12 in 1";"Barkács";3965
2142901;"FatMax zárható imbuszkulcs készlet (8 részes)";"Barkács";3307
2143001;"Puzz3D Empire state building";"Játék";3194
2143101;"Cars 2 Junior labirintus";"Játék";3706
2143201;"Tréler és Traktor 1:87";"Játék";2424
2143301;"Csuklós busz";"Játék";2553
2143401;"Bombardier Villamos";"Játék";2106
2143501;"New Holland traktor";"Játék";2424
2143601;"John Deere markoló";"Játék";2424
2143701;"Személyautó trélerrel";"Játék";2361
2143801;"Úthenger";"Játék";3890
2143901;"Adidas Brazuca Top Replica díszdobozos";"Torol";8388
2144001;"Adidas Brazuca Top Replica futball labda";"Torol";5490
2144101;"Teifoc mini tégla építõjáték - Malacka lak";"Játék";2159
2144201;"Teifoc mini tégla építõjáték - Istálló";"Játék";2159
2144301;"5 állású racsnis csavarhúzó cserélhetõ fejjel. 15in1";"Barkács";3861
2144401;"Mini csavarhúzó 12 darabos";"Barkács";2743
2144501;"Ferrari Kids Gyûjthetõ";"Játék";1605
2144601;"Ferrari KIDS Játszószõnyeg";"Játék";4450
2144701;"Bburago 1:32 Ferrari 458 Italia";"Játék";3125
2144801;"Szívószálas pohár";"Gyermek egyéb";508
2144901;"Karácsonyfadísz (12db gömb) - angyalos";"Gyermek egyéb";1521
2145001;"DISNEY MÉLYTÁNYÉR - Verdák";"Disney termékek";244
2145101;"Disney lapostányér princess";"Disney termékek";333
2145201;"DISNEY LAPOSTÁNYÉR - Verdák";"Disney termékek";333
2145301;"DISNEY POHÁR - Micimackó";"Disney termékek";272
2145401;"DISNEY POHÁR - Princess";"Disney termékek";272
2145501;"Kerámia csatosüveg - magyar mintás 15*10";"Dekor, Ajándék";798
2145601;"KERÁMIA KASPÓ - Purify mintával";"Kert";615
2145701;"KERÁMIA KASPÓ - Rózsa mintával";"Kert";615
2145801;"KERÁMIA KASPÓ - Levendula mintával";"Kert";615
2145901;"Fajáték konyhabútor 5 db-os";"Játék";1071
2146001;"Fajáték hálószobabútor 6 db-os";"Játék";1071
2146101;"Dekor tojás (10 db-os) - Magyar címerrel";"Dekor, Ajándék";1716
2146201;"Dekor tojás (10 db-os) - Matyó mintával";"Dekor, Ajándék";1716
2146301;"Dekor tojás (10 db-os) - Keresztmintával";"Dekor, Ajándék";1716
2146401;"DISNEY MÉLYTÁNYÉR - Angry birds";"Disney termékek";244
2146501;"Térd-könyök-csuklóvédõ szett, M";"Torol";1603
2146601;"Bukósisak Teveclub Gyerek méret S";"Torol";1466
2146701;"Bukósisak Teveclub Junior méret S";"Torol";1466
2146801;"DISNEY MÜZLIS TÁL - Toy Story";"Disney termékek";399
2147301;"DISNEY MÉLYTÁNYÉR - Micimackó";"Disney termékek";244
2147401;"DISNEY LAPOSTÁNYÉR - Micimackó";"Disney termékek";333
2147501;"Fonott kosár 4 rekesszel kék mintával";"Dekor, Ajándék";1368
2147601;"Fonott kosár 4 rekesszel piros mintával";"Dekor, Ajándék";1368
2147701;"Fonott kosár 4 rekesszel barna mintával";"Dekor, Ajándék";1368
2147801;"Kerámia bárányok (9 db) - faládában";"Dekor, Ajándék";1138
2147901;"Festhetõ puzzle 3D Autó";"Játék";488
2148401;"KERÁMIA KASPÓ ÍRHATÓ PEREM - Narancs színû";"Kert";682
2148501;"KERÁMIA KASPÓ ÍRHATÓ PEREM - Rózsaszín";"Kert";682
2148601;"KERÁMIA KASPÓ ÍRHATÓ PEREM - Lila színû";"Kert";682
2148701;"Térd és könyökvédõ S,M,L";"Torol";1934
2148801;"Fa Olds Mobile (25 cm)";"Játék";1146
2148901;"Üvegváza négyszögletes - lila színû";"Dekor, Ajándék";392
2149001;"Üvegváza négyszögletes - piros színû";"Dekor, Ajándék";384
2149101;"DISNEY MIKROBÖGRE - VERDÁK";"Disney termékek";438
2149201;"DISNEY MÜZLIS TÁL - Mickey egér";"Disney termékek";399
2149301;"Fa Olds Mobile (13 cm)";"Játék";414
2149401;"DVD - Hogyan lopjunk felhõkarcolót";"Film";1269
2149501;"Inspiration ültetõ kanál liliom";"Kert";876
2149601;"Inspiration talajlazító viola";"Kert";876
2149701;"Inspiration gyomláló villa";"Kert";876
2149801;"Kiszúró készlet 40 db-os (állatok+jármûvek)";"Konyha";3912
2149901;"Torta dekoráló 10 db-os";"Konyha";1588
2150001;"Palacsintasütõ, béka, 14 cm";"Konyha";1016
2150101;"Italhûtõ tasak (1 db)";"Konyha";914
2150201;"Jégkrém készítõ forma";"Konyha";1232
2150301;"IBILI 3 pengés hámozó";"Konyha";1943
2150401;"Kézi habverõ";"Konyha";2235
2150501;"Soundd sztereó kihangosító";"Mûszaki";3175
2150601;"Konyhai eszközkészlet";"Konyha";3804
2150701;"Aluminium design kávéfõzõ";"Konyha";4172
2150801;"Sencor SHB 4110WH Botmixer";"Konyhagép";4449
2150901;"Sencor SHB 4310 Aprító";"Konyhagép";4649
2151001;"Hõálló ovális jénai sütõtál fedõvel (2,4 literes) LT 3006";"Konyha";2718
2151101;"Sencor Element 7v3 Tablet";"Mûszaki";12900
2151201;"Szilikon sütõ szett (4 darabos) LT3017";"Konyha";2540
2151301;"Sencor SKS 4001WH Tálas konyhai mérleg";"Konyhagép";2949
2151401;"Termosz - 1,5 l LT 4010";"Konyha";2705
2151501;"SES Explore Ujjlenyomat szett";"Játék";1290
2151601;"SES Explore Kristályok";"Játék";1849
2151701;"MINNIE Táska készítõ szett";"Játék";1657
2179601;"MOULINEX 3000 MASTERCHEF - robotgép";"Konyhagép";17526
4287801;"2 az 1-ben szeletelõ";"Konyhai eszközök";890
4296201;"10 részes edénykészlet, Beige Saphire Line";"Edények,Evõeszközök, Poharak";34690
4303801;"Mély sütõtepsi 30 cm, Copper Line";"Edények,Evõeszközök, Poharak";1590
4315001;"Serpenyõ 20 cm, szürke, Marble  Line";"Edények,Evõeszközök, Poharak";1990
4344301;"CATLER BL 4010 Turmixgép";"Konyhai robotgép, turmixgép";54990
4344401;"Catler CG 8030 Automata kávédaráló";"Kávéfõzõ, kávédaráló";89990
4353401;"Fejhallgató Seven 3,5mm-es Jack dugóval";"Fejhallgató";1990
4353501;"iPhone 4, 4S mobiltelefon hátlap";"Mobiltelefon hátlap";300
4355601;"Stereo fülhallgató 3,5 mm-es jack dugóval";"Fülhallgató";590
4355901;"Dinofroz 15 cmes figurák  dobozos";"Játék fiúknak";7290
4356501;"FLY WHEELS ? A LEGGYORSABB KERÉK ? DUPLA KEREKES KILÖVÕ";"Játék fiúknak";849
4356601;"I DO 3D 1 dbos kezdõ szett";"Játék fiúknak";3090
4356701;"I DO 3D  2 dbos";"Játék fiúknak";5390
4356801;"I DO 3D  4 dbos";"Játék fiúknak";9990
4356901;"I DO 3D  8 dbos";"Játék fiúknak";16990
4357001;"Repcsik ? 1 dbos kilõhetõ repülõ szett bliszteres";"Játék fiúknak";599
4357101;"Repcsik ? 2 dbos kilõhetõ repülõ szett";"Játék fiúknak";849
4357201;"Repcsik ? exkluzív kilövõ szett 1 db repülõvel";"Játék fiúknak";1690
4357301;"Birodalmi katona kulcstartó";"Játék fiúknak";3390
4357401;"Lázadók szellemhajója kulcstartó";"Játék fiúknak";3890
4357501;"Lázadók fénykardja kulcstartó";"Játék fiúknak";3390
4357601;"Robodrone";"Játék fiúknak";24990
4357701;"Fénykard";"Játék fiúknak";4290
4357801;"Trash Pack Kártyagyûjtõ album 1csomag kártyával és egy dobókockával";"Játék fiúknak";249
4359101;"A.I Copter";"Játék fiúknak";14490
4359201;"Geomag Kids Color Girl 66pcs";"Fejlesztõ játékok";8490
4364701;"Geomag PRO Panels  222 darabos";"Fejlesztõ játékok";18990
4367401;"Teamsterz traktor és pótkocsi";"Autó,Jármû";2790
4368201;"Tonka  Rendõrállomás";"Autó,Jármû";4290
4368301;"Trash Pack Járgányok ? 2 dbos szett";"Autó,Jármû";849
4369101;"MINI Hatlövetû konfetti pisztolyhoz ut. 2 adag patron";"Szabadtéri játékok";249
4369201;"Szerpentin utántöltõ 2 patron";"Szabadtéri játékok";299
4369301;"MINI Hatlövetû konfetti pisztoly 1 adag patronnal";"Szabadtéri játékok";349
4369401;"Szerpentin pisztoly mini hatlövetû +1pat";"Szabadtéri játékok";399
4369501;"Buborész Prof. 55 cm Csoda Buborék Kard + 118 ml Csoda B. Folyadék";"Szabadtéri játékok";2190
4369601;"Buborész Prof. 77 cm Csoda Buborék Kard + 236 Ml. Csoda B. Folyadék";"Szabadtéri játékok";2990
4369701;"Magic bubble";"Szabadtéri játékok";1690
4369801;"Magic bubble utántöltõ";"Szabadtéri játékok";849
4369901;"ChocoFunDo  Csokifondü készítõ";"Szabadtéri játékok";2590
4370001;"Dael O Ring Yellow  sárga";"Szabadtéri játékok";449
4370101;"Fyr Flyz";"Szabadtéri játékok";1390
4370201;"Frozen yogurt magic  fagyikészítõ";"Szabadtéri játékok";3390
4370301;"XSHOT HYDRO 3  3 az 1ben ""BLASTER"" vízipisztoly";"Szabadtéri játékok";1690
4370401;"XSHOT HYDRO 3  3 az 1ben ""MAXX"" vízipisztoly";"Szabadtéri játékok";2190
4911301;"FC Barcelona labda piros-kék, 23 cm";"Labda";569
4911401;"Hungary labda 23 cm";"Labda";449
4911501;"Batman labda, 23 cm";"Labda";519
4911601;"Batman Dark Night labda, 23 cm";"Labda";519
4911701;"Batman Dark Night szürke labda, 23 cm";"Labda";519
4911801;"Looney Tunes sárga labda, 23 cm";"Labda";519
4912201;"Superman labda, 23 cm";"Labda";519
4912301;"Scooby Doo labda, 23 cm";"Labda";519
4912401;"Scooby Doo sötétzöld labda, 23 cm";"Labda";519
4912501;"Alco Kerti fém csúszda, 6020";"Szabadtéri játékok";39990
4912601;"Alco Együléses kerti gyerekhinta, 6103";"Szabadtéri játékok";15990
4912701;"Alco Háromüléses kerti gyerekhinta, 6400";"Szabadtéri játékok";41990
4912801;"Alco Fém mérleghinta, 6800";"Szabadtéri játékok";16990
4912901;"Disney Jégvarázs konyhai játékszett, 35 kiegészítõvel";"Játék lányoknak";4390
4913301;"Educa puzzle ragasztó";"Puzzle";2190
4926301;"Maci plüss állat, 7 cm";"Plüssök";489
4926401;"Bohóchal plüss állat, 12 cm";"Plüssök";869
4926501;"Elefánt plüss állat, 23 cm";"Plüssök";3690
4926601;"Delfin plüss állat, 20 cm";"Plüssök";959
4926701;"Buborékfújó 592 ml";"Szabadtéri játékok";1290
4926801;"Buborékfújó 946 ml";"Szabadtéri játékok";949
4926901;"Teamsterz Revolution autópálya";"Autó,Jármû";2390
4927001;"JCB Munkagép szállító kamion, 5 az 1-ben";"Autó,Jármû";6390
4927601;"Teamsterz Multi Loop autópálya";"Autó,Jármû";4390
4927901;"JCB Hídépítõ játékkészlet, 69 darabos";"Játék fiúknak";6490
4928001;"Smart játék vasaló, kék világítással";"Játék lányoknak";2290
4928301;"Zanussi játék vízforraló";"Játék lányoknak";2490
4928401;"Zanussi játék mosógép";"Játék lányoknak";4990
4928501;"Teamsterz Twin Turbo versenypálya";"Autó,Jármû";8690
4928601;"Zanussi játék szendvics és gofrisütõ";"Játék lányoknak";4690
4928701;"Buborékfújó kamion";"Autó,Jármû";4490
4928801;"Smart elektromos konyhai játék mixer";"Játék lányoknak";4390
4929401;"Talkies játéktelefon Kék";"Játék lányoknak";2290
4929501;"Talkies játéktelefon Rózsaszín";"Játék lányoknak";2290
4929601;"Versenyautós bébitaxi, kék";"Közlekedési játékok";10990
4929701;"Versenyautós bébitaxi, piros";"Közlekedési játékok";10990
4933901;"Dinoszaurusz készítõ gyurmakészlet, 11 darabos";"Fejlesztõ játékok";1990
4934001;"Játék a számokkal gyurmakészlet, 23 darabos";"Fejlesztõ játékok";989
4934101;"Virág Varázs gyurmakészlet, 19 darabos";"Fejlesztõ játékok";989
4934201;"Édesség készítõ gyurmakészlet, 21 darabos";"Fejlesztõ játékok";1590
4934301;"Lena Mini munkagép";"Autó,Jármû";819
4938201;"Disney Némó nyomában mozaik kirakó";"Fejlesztõ játékok";2490
4938301;"Disney Verdák mozaik kirakó";"Fejlesztõ játékok";2490
4938401;"Lena Mozaik készlet, 140 darabos";"Fejlesztõ játékok";1490
4939601;"Lena Színes kaleidoszkóp, 15 cm";"Fejlesztõ játékok";719
4939701;"Disney Aurora hercegnõ barátság karkötõ készítõ";"Fejlesztõ játékok";2390
4940401;"Darda Mission 4 Loops autópálya";"Autó,Jármû";8490
4940501;"Darda Super Loop autópálya";"Autó,Jármû";9790
4940601;"Lena Világítótornyos búgócsiga";"Bébijátékok";5190
4940701;"Lena Bohócos búgócsiga";"Bébijátékok";2290
4940801;"Búgócsiga játékos mintával";"Bébijátékok";2490
4940901;"Micimackós búgócsiga 19 cm";"Bébijátékok";2790
4941001;"Lena Tengeri állatos búgócsiga";"Bébijátékok";2390
4941101;"Búgócsiga 13 cm, kacsás mintával";"Bébijátékok";1390
4941201;"Búgócsiga 13 cm, farmos mintával";"Bébijátékok";1390
4941301;"Lena Búgócsiga körhintás mintával, 13 cm";"Bébijátékok";1390
4941401;"Lena Tengeri állatos búgócsiga";"Bébijátékok";1390
4941501;"Lena Hercegnõs búgócsiga";"Bébijátékok";1390
4941601;"Búgócsiga 13 cm, Maja a méhecske mintával";"Bébijátékok";1390
4941701;"Búgócsiga 13 cm, Micimackó mintával";"Bébijátékok";1490
4941801;"Disney Micimackós dob";"Bébijátékok";2790
4941901;"Lena Farm mintás zenélõ henger";"Bébijátékok";1390
4942001;"Disney Micimackó zenélõ henger";"Bébijátékok";1490
4942101;"Lena Kacsás zenélõ henger";"Bébijátékok";1490
4945101;"Disney Hercegnõs rajzsablon";"Fejlesztõ játékok";699
4945201;"Disney Verdás rajzsablon";"Fejlesztõ játékok";699
4945301;"Disney Fairies Csingiling rajzsablon";"Fejlesztõ játékok";769
4945401;"Disney Némó nyomában rajzsablon";"Fejlesztõ játékok";769
4945501;"Kalózos gyermek játszósátor alagúttal";"Szabadtéri játékok";5290
4945601;"Tündéres gyermek játszósátor alagúttal";"Szabadtéri játékok";5290
4945701;"Dinoszauruszos játszósátor";"Szabadtéri játékok";3390
4945801;"Dinoszauruszos játszósátor, alagúttal";"Szabadtéri játékok";5490
4945901;"Hernyós játszósátor, alagúttal";"Szabadtéri játékok";7090
4946001;"Gyermek jásztósátor szett, két részes";"Szabadtéri játékok";7690
4946101;"Cirkusz gyermek játszósátor alagúttal";"Szabadtéri játékok";6990
4946201;"Hercegnõ kastély gyermek játszósátor";"Szabadtéri játékok";5790
4946301;"Lovagi kastély gyermek játszósátor";"Szabadtéri játékok";5790
4946401;"Katicás játszósátor";"Szabadtéri játékok";5790
4946501;"Kaland jásztósátor szett, három részes";"Szabadtéri játékok";11490
4947101;"Loko Pisilõ baba káddal és bilivel";"Játék lányoknak";5090
4947201;"Fehér lufi csomag, 100 darabos";"Party kellék";1490
4947301;"Sárga lufi csomag, 100 darabos";"Party kellék";1490
4947401;"Narancssárga lufi csomag, 100 darabos";"Party kellék";1490
4947501;"Világoskék lufi csomag, 100 darabos";"Party kellék";1490
4947601;"Zöld lufi csomag, 100 darabos";"Party kellék";1490
4947701;"Ezüstmetál lufi csomag, 100 darabos";"Party kellék";1890
4947801;"Figurás lufi csomag, 6 darabos";"Party kellék";189
4947901;"Szülinapi lufi csomag, 10 darabos";"Party kellék";319
4948001;"Vegyes lufi, 6 darabos";"Party kellék";179
4948101;"Fehér szív alakú lufi csomag, 10 darabos";"Party kellék";239
4948201;"Vegyes szív alakú lufi csomag, 10 darabos";"Party kellék";239
4948301;"Bordó szív alakú lufi csomag, 10 darabos";"Party kellék";239
4948401;"Különbözõ formájú partylufi csomag, 25 darabos";"Party kellék";319
4948501;"10 éves szülinapi lufi csomag, 8 darabos";"Party kellék";299
4948601;"Szülinapi lufi csomag, 3 darabos";"Party kellék";299
4948701;"8 éves szülinapi lufi csomag, 8 darabos";"Party kellék";299
4948801;"9 éves szülinapi lufi csomag, 8 darabos";"Party kellék";299
4948901;"Többszínû lufi csomag, 100 darabos";"Party kellék";1690
4949001;"Piros szív alakú lufi csomag, 100 darabos";"Party kellék";1890
4949101;"Rózsaszín szív alakú lufi csomag, 100 darabos";"Party kellék";1890
4949201;"Fehér szív alakú lufi csomag, 100 darabos";"Party kellék";1890
4949301;"Vegyes szív alakú lufi csomag, 100 darabos";"Party kellék";1890
4949401;"Mókás figurás lufi csomag, 100 darabos";"Party kellék";809
4949501;"Aranyos figurás lufi csomag, 100 darabos";"Party kellék";3190
4949601;"Crash Booster autó kilövõ pálya";"Autó,Jármû";1290
4949701;"Jet-ski libikóka";"Szabadtéri játékok";3990
4949801;"Lovas libikóka, kék";"Szabadtéri játékok";4290
4949901;"Lovas libikóka, rózsaszín";"Szabadtéri játékok";4290
4950001;"Meccano Yoocans Police mágneses építõjáték";"Fejlesztõ játékok";2490
4950101;"Lábtartós Babakocsi epres mintával, 54 cm";"Játék lányoknak";5890
4950201;"Babakocsi 3 kerekû rózsaszín pöttyös mintával, 50 cm";"Játék lányoknak";3490
4950301;"Nagy Babakocsi táskával sötét rózsaszín, 70 cm";"Játék lányoknak";13990
4950401;"Elektromos ügyességi játék";"Fejlesztõ játékok";1190
4950501;"Célbadobós játszósátor";"Szabadtéri játékok";2590
4950601;"Markolós traktor, zöld";"Autó,Jármû";569
4950701;"Hangszer készlet";"Fejlesztõ játékok";3690
4950801;"Tartályos vizipisztoly, 14 cm";"Szabadtéri játékok";249
4950901;"Kosárlabdás fürdõjáték";"Bébijátékok";2190
4951001;"Munkagép szett, 9 darabos";"Autó,Jármû";909
4951101;"Óceáni állatszett, 6 darabos";"Bébijátékok";919
4951201;"Fekete színû pisztoly hanggal, fénnyel";"Játék fiúknak";469
4951301;"Barack rongybaba, 40 cm";"Játék lányoknak";1790
4951401;"Lila rongybaba, 40 cm";"Játék lányoknak";1790
4951501;"Rózsaszín rongybaba, 40 cm";"Játék lányoknak";1790
4951601;"Hüllõs játékkészlet";"Játék fiúknak";469
4951701;"Farm állat játékkészlet";"Játék fiúknak";469
4951801;"Tengeri állatos játékkészlet";"Játék fiúknak";469
4951901;"Dinoszauruszos játékkészlet";"Játék fiúknak";469
4952001;"Bogaras játékkészlet";"Játék fiúknak";469
4952101;"Kalóz játék pisztoly";"Játék fiúknak";799
4952201;"Háziállat készlet, 10 darabos";"Játék fiúknak";1490
4952301;"Reggelizõ konyhai játékszett, 17 darabos";"Játék lányoknak";1390
4952401;"Karikadobálós pohárépítõ játék";"Fejlesztõ játékok";729
4952501;"Nagy takarító készlet, porszívóval";"Játék lányoknak";3990
4952601;"Piros horgászjáték";"Szabadtéri játékok";429
4952701;"Sárga horgászjáték";"Szabadtéri játékok";429
4952801;"Darts tábla, 36 cm";"Szabadtéri játékok";1790
4952901;"Darts tábla, 42 cm";"Szabadtéri játékok";1990
4953001;"Mûanyag játék élelmiszerek";"Játék lányoknak";1290
4953101;"Divatos baba, hegedûvel";"Játék lányoknak";1490
4953201;"Mágneses élelmiszer készlet, 9 darabos";"Játék lányoknak";769
4953301;"Mágneses élelmiszer készlet, 9 darabos";"Játék lányoknak";769
4953401;"Gyöngyfûzõ készlet, tengeri mintás";"Fejlesztõ játékok";1190
4953501;"Színes gyöngy ékszerkészítõ készlet";"Fejlesztõ játékok";1290
4953601;"Gumikarkötõ készítõ készlet";"Fejlesztõ játékok";1290
4953701;"Dinoszaurusz készlet, 15 darabos";"Játék fiúknak";1990
4953801;"Gyöngyszövõ készlet";"Fejlesztõ játékok";1390
4953901;"Gumikarkötõ készítõ, kicsi";"Fejlesztõ játékok";499
4954001;"Csillag formájú gumikarkötõ készlet";"Fejlesztõ játékok";729
4954101;"Gumikarkötõ készítõ készlet, 4000 darabos";"Fejlesztõ játékok";3990
4954201;"Angol fa tanuló tábla, idõ";"Bébijátékok";1090
4954301;"Állatos fürdõjáték készlet";"Fejlesztõ játékok";2190
4954401;"Fa puzzle, számok";"Bébijátékok";799
4954501;"Dinók világa játékszett, 3 darabos";"Játék fiúknak";999
4954601;"Dinók világa játékszett, 3 darabos";"Játék fiúknak";999
4954701;"Dinoszaurusz játékkészlet, 10 darabos";"Játék fiúknak";1290
4954801;"Dinoszaurusz játékkészlet, 10 darabos";"Játék fiúknak";1290
4954901;"Elefántos homokozó, fedéllel";"Szabadtéri játékok";6190
4955001;"Macis fedeles homokozó, kék";"Szabadtéri játékok";6190
4955101;"Pókember homokozó készlet";"Szabadtéri játékok";849
4955201;"Homokozóforma szett";"Szabadtéri játékok";189
4955301;"Kis homokozó készlet";"Szabadtéri játékok";249
4955601;"Gyerek hokikorcsolya, 37-38-as";"Szabadtéri játékok";1590
4955701;"Békás homokozó, fedéllel";"Szabadtéri játékok";14990
4955801;"Krokodilos gyermek libikóka hinta";"Szabadtéri játékok";7490
4955901;"Teknõs homokozó, fedéllel";"Szabadtéri játékok";11990
4956001;"Kagylós homokozó, kék";"Szabadtéri játékok";3090
4956101;"Rák alakú homokozó";"Szabadtéri játékok";6690
4956201;"Rolly Kid-X pedálos traktor utánfutóval";"Közlekedési játékok";20990
4956301;"Rolly Kid-X pedálos traktor utánfutóval";"Közlekedési játékok";20990
4956401;"Rolly Sárga lombseprû, 77 cm";"Fejlesztõ játékok";599
4956501;"Rolly Kormánykerék hanggal";"Fejlesztõ játékok";4990
4956601;"Összecsukható nagy roller";"Közlekedési játékok";9490
4956701;"Sötétbarna hintaló, 60 cm";"Bébijátékok";8690
4956801;"Barna hintaló hanggal, 60 cm";"Bébijátékok";9590
4956901;"Pónis hintaló üléssel, hanggal";"Bébijátékok";12990
4957001;"Bocis hintaló üléssel, hanggal";"Bébijátékok";10990
4957101;"Oroszlános hintaló üléssel, hanggal";"Bébijátékok";10990
4957201;"Pandás hintaló üléssel, hanggal";"Bébijátékok";12990
4957301;"Kockás mintás hintaló, hanggal";"Bébijátékok";9390
4957401;"Medvés hintaló, hanggal";"Bébijátékok";14990
4957501;"Zebrás hintaló, hanggal";"Bébijátékok";14990
4957601;"Abrick építõkocka készlet, 50 darabos";"Fejlesztõ játékok";1790
4957701;"Kék gimnasztika labda, 55 cm-es";"Labda";1790
4957801;"Sárga ugráló labda, 45 cm";"Labda";1590
4957901;"Kék ugráló labda, 60 cm";"Labda";1890
4958001;"Szarvas ugráló figura";"Szabadtéri játékok";4690
4958101;"Forgó táblás céllövölde játék";"Szabadtéri játékok";3590
4958901;"Smart Trike tolókaros tricikli, narancssarga";"Közlekedési játékok";6290
4959001;"Kék pedálos tricikli, szülõkarral";"Közlekedési játékok";5690
4959101;"Piros pedálos tricikli, szülõkarral";"Közlekedési játékok";5690
4959201;"Rózsaszín pedálos tricikli, szülõkarral";"Közlekedési játékok";5690
4959301;"Zöld pedálos tricikli, szülõkarral";"Közlekedési játékok";5690
4959401;"Gru 2 labda, 6 cm";"Labda";299
4959501;"Disney Minnie egér labda, 6 cm";"Labda";299
4959601;"Disney Mickey egér Clubhouse labda, 6 cm";"Labda";299
4959701;"Pókember labda, 6 cm";"Labda";299
4961101;"Spongya Bob labda, 15 cm";"Labda";509
4961201;"Pókember labda, 15 cm";"Labda";509
4961301;"Gru 2 Minyonok labda, 15 cm";"Labda";509
4961401;"Bosszuállók labda, 15 cm";"Labda";509
4961501;"Star Wars labda, 15 cm";"Labda";509
4961601;"Monster High labda, 15 cm";"Labda";509
4961701;"Óceán labda, 15 cm";"Labda";419
4961801;"Ugrálólabda Mickey Mouse Clubhouse mintával";"Labda";2990
4961901;"Ugrálólabda Disney Hercegnõk mintával, 45 cm";"Labda";2990
4962001;"Beach Soccer labda, 23 cm";"Labda";839
4962101;"Óceán labda, 23 cm";"Labda";579
4962201;"Pókember kék labda, 23 cm";"Labda";629
4962301;"Spongya Bob labda, 23 cm";"Labda";629
4962401;"Disney Dóra a felfedezõ labda, 23 cm";"Labda";629
4962501;"Star Wars labda, 23 cm";"Labda";629
4962601;"Monster High labda, 23 cm";"Labda";629
4962701;"Hupikék Törpikék labda, 23 cm";"Labda";629
4962801;"Bosszuállók labda, 23 cm";"Labda";629
4962901;"Minyonok labda, 23 cm";"Labda";629
4963001;"Tini Ninja Teknõcök labda, 23 cm";"Labda";629
4963101;"Pókember fehér labda, 23 cm";"Labda";629
4963201;"UEFA Euro 2012 labda";"Labda";589
4964901;"Disney Csingiling labda, 23 cm";"Labda";629
4965001;"Ugrálólabda Disney Verdák mintával, 45 cm";"Labda";2190
4965101;"Ugrálólabda Disney Jégvarázs mintával, 45 cm";"Disney termékek";2190
4965201;"Ugrálólabda Pókember mintával, 45 cm";"Labda";2190
4965301;"Disney Hercegnõk labda, 10 cm";"Labda";469
4965401;"Pókember labda, 10 cm";"Labda";469
4965501;"Disney Verdák labda, 10 cm";"Labda";469
4965601;"Disney Jégvarázs labda, 10 cm";"Labda";469
4965701;"Futóbicikli, sárga-fekete színû";"Közlekedési játékok";11990
4965801;"Futóbicikli fékkel, fekete színû";"Közlekedési játékok";13990
4965901;"Futóbicikli, zöld-fekete színû";"Közlekedési játékok";11990
4966001;"Futóbicikli, piros színû";"Közlekedési játékok";11990
4966101;"Futóbicikli, piros színû, fordítható vázzal";"Közlekedési játékok";9490
4966201;"Futóbicikli, fekete színû fékkel";"Közlekedési játékok";11990
4966301;"Welly Dodge RAM Quad Cab 1500 Sport bordó kisautó, 1:60-64";"Autó,Jármû";509
4967501;"Csocsó labda, focilabda mintás";"Labda";939
4967601;"Csocsó labda, barna színû";"Labda";1290
4967701;"Csocsó labda, fehér színû";"Labda";999
4967801;"Asztali foci";"Fejlesztõ játékok";10990
4967901;"Összecsukható biliárdasztal";"Fejlesztõ játékok";46990
4968001;"Sony Xperia E4g E2003 Black";"Mobiltelefonok";49990
5056201;"GALT Express yourself  köröm díszítõ";"Fejlesztõ játékok";5790
5056301;"Hauser CE-931 4in1 Kávéfõzõ";"Kávéfõzõ, kávédaráló";17272
5056401;"Hauser G-742 Daráló";"Aprító, szeletelõ, daráló, dagasztó";4953
5056601;"CK, TUDOMÁNYOS SZETT, 3 AZ 1-BEN";"Játék fiúknak";2390
5056701;"AMAV, HOMOKMÛVÉSZET";"Kreatív játékok";1890
5056801;"AMAV, DIVATTERVEZÕ KÉSZLET, GLAM";"Kreatív játékok";2685
5056901;"ALEX, TAPASSZ A CSEMPÉRE! - ABC";"Bébijátékok";2190
5057001;"ALEX, TAPASSZ A CSEMPÉRE! - PAJTÁSOK";"Bébijátékok";2290
5057101;"ALEX, SZAPPANKRÉTA (6 SZÍN)";"Bébijátékok";1350
5057201;"ALEX, KISZINEZHETÕ - KIMOSHATÓ NYUSZI";"Játék lányoknak";3690
5057301;"ALEX, SPRICCELÕS JÁTÉK - ÓCEÁN";"Bébijátékok";2490
5057401;"CK, TUDOMÁNYOS SZETT 4 AZ 1-BEN";"Játék fiúknak";2690
5057501;"THINKFUN, ZINGO! 1-2-3";"Társasjátékok";4990
5057701;"MEGASZTÁR TÁRSASJÁTÉK";"Kreatív játékok";1690
5057801;"Jégvarázs társasjáték";"Kreatív játékok";3490
5057901;"Hexbug Nano V2 Harci szett (Bridge Battle Set)";"Kreatív játékok";6990
5058001;"Sencor SMR 130 walkie-talkie";"Walkie-talkie";7990
5058101;"Sencor  rádióSRD 210 BGN";"Hordozható kisrádiók";3990
5058201;"SONY_10DMR47SS";"DVD lemez";2690
5062301;"x";"Elemek";339
5122301;"kupon kedvezmény";"Webshop";0
5137001;"Sony ALCSH129DI.EU";"Objektívek";0
5246301;"DISNEY SOEHNLE SZEMÉLYMÉRLEG - FOREVER CLASSIC, 180KG/100G";"Disney termékek";13990
5246401;"DISNEY SOEHNLE KONYHAI MÉRLEG - FOREVER CLASSIC, 5KG/1G";"Disney termékek";12990